dataset,n_doubles,n_unique_sequences,sequence_length,n_masked_examples
AMFR_HUMAN_Tsuboyama_2023_4G3O,2152,2248,47,105656
BBC1_YEAST_Tsuboyama_2023_1TG0,985,1099,64,70336
BCHB_CHLTE_Tsuboyama_2023_2KRU,682,759,52,39468
CATR_CHLRE_Tsuboyama_2023_2AMI,563,657,72,47304
CBPA2_HUMAN_Tsuboyama_2023_1O6X,711,788,72,56736
CBX4_HUMAN_Tsuboyama_2023_2K28,1365,1496,50,74800
CSN4_MOUSE_Tsuboyama_2023_1UFM,1942,2015,72,145080
CUE1_YEAST_Tsuboyama_2023_2MYX,625,702,52,36504
DNJA1_HUMAN_Tsuboyama_2023_2LO1,1048,1162,65,75530
DOCK1_MOUSE_Tsuboyama_2023_2M0Y,1702,1874,66,123684
EPHB2_HUMAN_Tsuboyama_2023_1F0M,721,798,66,52668
FECA_ECOLI_Tsuboyama_2023_2D1U,667,744,72,53568
HECD1_HUMAN_Tsuboyama_2023_3DKM,4342,4624,72,332928
ISDH_STAAW_Tsuboyama_2023_2LHR,1004,1119,55,61545
MAFG_MOUSE_Tsuboyama_2023_1K1V,667,744,41,30504
MBD11_ARATH_Tsuboyama_2023_6ACV,961,1076,66,71016
MYO3_YEAST_Tsuboyama_2023_2BTT,2350,2617,61,159637
NKX31_HUMAN_Tsuboyama_2023_2L9R,1333,1426,61,86986
NUSA_ECOLI_Tsuboyama_2023_1WCL,722,799,69,55131
NUSG_MYCTU_Tsuboyama_2023_2MI6,361,400,55,22000
OBSCN_HUMAN_Tsuboyama_2023_1V1C,1984,2194,65,142610
ODP2_GEOSE_Tsuboyama_2023_1W4G,465,563,44,24772
PIN1_HUMAN_Tsuboyama_2023_1I6C,116,155,39,6045
PITX2_HUMAN_Tsuboyama_2023_2L7M,886,982,52,51064
POLG_PESV_Tsuboyama_2023_2MXD,4135,4357,53,230921
PR40A_HUMAN_Tsuboyama_2023_1UZC,870,925,63,58275
PSAE_PICP2_Tsuboyama_2023_1PSE,360,399,68,27132
RAD_ANTMA_Tsuboyama_2023_2CJJ,138,190,54,10260
RBP1_HUMAN_Tsuboyama_2023_2KWH,357,396,52,20592
RCD1_ARATH_Tsuboyama_2023_5OAO,273,343,57,19551
RCRO_LAMBD_Tsuboyama_2023_1ORC,1083,1198,63,75474
RD23A_HUMAN_Tsuboyama_2023_1IFY,221,260,44,11440
RFAH_ECOLI_Tsuboyama_2023_2LCL,357,396,55,21780
RL20_AQUAE_Tsuboyama_2023_1GYZ,340,379,59,22361
RPC1_BP434_Tsuboyama_2023_1R69,335,374,61,22814
SAV1_MOUSE_Tsuboyama_2023_2YSB,286,325,43,13975
SDA_BACSU_Tsuboyama_2023_1PV0,1936,2009,44,88396
SPA_STAAU_Tsuboyama_2023_1LP1,1070,1185,55,65175
SPG2_STRSG_Tsuboyama_2023_5UBS,422,495,56,27720
SPTN1_CHICK_Tsuboyama_2023_1TUD,2150,2357,60,141420
SR43C_ARATH_Tsuboyama_2023_2N88,694,771,48,37008
SRBS1_HUMAN_Tsuboyama_2023_2O2W,345,384,67,25728
TCRG1_MOUSE_Tsuboyama_2023_1E0L,437,514,37,19018
THO1_YEAST_Tsuboyama_2023_2WQG,623,700,41,28700
TNKS2_HUMAN_Tsuboyama_2023_5JRT,361,400,59,23600
UBE4B_HUMAN_Tsuboyama_2023_3L1X,2504,2751,69,189819
UBR5_HUMAN_Tsuboyama_2023_1I2T,359,398,58,23084
VILI_CHICK_Tsuboyama_2023_1YU5,1366,1500,65,97500
YAIA_ECOLI_Tsuboyama_2023_2KVT,962,1107,52,57564
YNZC_BACSU_Tsuboyama_2023_2JVD,1586,1717,39,66963
