metric,subset,method,assays,mean_rho,median_rho,variants
fitted_epistasis,all_doubles,conditional_mm,50,0.15239425410550078,0.1453768804084195,51924
fitted_epistasis,all_doubles,default_mm,50,-0.0024329228432482947,0.0019812718494837023,51924
fitted_epistasis,all_doubles,pll,50,0.006730209666715228,0.011402176619082913,51924
fitted_epistasis,epistatic,conditional_mm,49,0.21544860357597115,0.2402597402597403,7285
fitted_epistasis,epistatic,default_mm,49,-0.027562055782444885,-0.020142453303894605,7285
fitted_epistasis,epistatic,pll,49,-0.008517003263734052,0.017105217470561936,7285
raw_fitness,all_doubles,conditional_mm,50,0.26683940581669874,0.3290285686043082,51924
raw_fitness,all_doubles,default_mm,50,0.22688066706656698,0.2660747851851634,51924
raw_fitness,all_doubles,pll,50,0.250638875510073,0.2707288419151651,51924
raw_fitness,epistatic,conditional_mm,49,0.29695381736991056,0.32959516012906664,7285
raw_fitness,epistatic,default_mm,49,0.23633652002687336,0.27525001889311534,7285
raw_fitness,epistatic,pll,49,0.29042496676662716,0.3241206554639391,7285
