,model,AMFR_HUMAN_Tsuboyama_2023_4G3O,BBC1_YEAST_Tsuboyama_2023_1TG0,BCHB_CHLTE_Tsuboyama_2023_2KRU,CATR_CHLRE_Tsuboyama_2023_2AMI,CBPA2_HUMAN_Tsuboyama_2023_1O6X,CBX4_HUMAN_Tsuboyama_2023_2K28,CSN4_MOUSE_Tsuboyama_2023_1UFM,CUE1_YEAST_Tsuboyama_2023_2MYX,DNJA1_HUMAN_Tsuboyama_2023_2LO1,DOCK1_MOUSE_Tsuboyama_2023_2M0Y,EPHB2_HUMAN_Tsuboyama_2023_1F0M,FECA_ECOLI_Tsuboyama_2023_2D1U,HECD1_HUMAN_Tsuboyama_2023_3DKM,ISDH_STAAW_Tsuboyama_2023_2LHR,MAFG_MOUSE_Tsuboyama_2023_1K1V,MBD11_ARATH_Tsuboyama_2023_6ACV,MYO3_YEAST_Tsuboyama_2023_2BTT,NKX31_HUMAN_Tsuboyama_2023_2L9R,NUSA_ECOLI_Tsuboyama_2023_1WCL,NUSG_MYCTU_Tsuboyama_2023_2MI6,OBSCN_HUMAN_Tsuboyama_2023_1V1C,ODP2_GEOSE_Tsuboyama_2023_1W4G,PIN1_HUMAN_Tsuboyama_2023_1I6C,PITX2_HUMAN_Tsuboyama_2023_2L7M,POLG_PESV_Tsuboyama_2023_2MXD,PR40A_HUMAN_Tsuboyama_2023_1UZC,PSAE_SYNP2_Tsuboyama_2023_1PSE,RAD_ANTMA_Tsuboyama_2023_2CJJ,RBP1_HUMAN_Tsuboyama_2023_2KWH,RCD1_ARATH_Tsuboyama_2023_5OAO,RCRO_LAMBD_Tsuboyama_2023_1ORC,RD23A_HUMAN_Tsuboyama_2023_1IFY,RFAH_ECOLI_Tsuboyama_2023_2LCL,RL20_AQUAE_Tsuboyama_2023_1GYZ,RPC1_BP434_Tsuboyama_2023_1R69,SAV1_MOUSE_Tsuboyama_2023_2YSB,SDA_BACSU_Tsuboyama_2023_1PV0,SPA_STAAU_Tsuboyama_2023_1LP1,SPG2_STRSG_Tsuboyama_2023_5UBS,SPTN1_CHICK_Tsuboyama_2023_1TUD,SR43C_ARATH_Tsuboyama_2023_2N88,SRBS1_HUMAN_Tsuboyama_2023_2O2W,TCRG1_MOUSE_Tsuboyama_2023_1E0L,THO1_YEAST_Tsuboyama_2023_2WQG,TNKS2_HUMAN_Tsuboyama_2023_5JRT,UBE4B_HUMAN_Tsuboyama_2023_3L1X,UBR5_HUMAN_Tsuboyama_2023_1I2T,VILI_CHICK_Tsuboyama_2023_1YU5,YAIA_ECOLI_Tsuboyama_2023_2KVT,YNZC_BACSU_Tsuboyama_2023_2JVD,AMFR_HUMAN_Tsuboyama_2023_4G3O_epistatic,AMFR_HUMAN_Tsuboyama_2023_4G3O_all,BBC1_YEAST_Tsuboyama_2023_1TG0_epistatic,BBC1_YEAST_Tsuboyama_2023_1TG0_all,BCHB_CHLTE_Tsuboyama_2023_2KRU_epistatic,BCHB_CHLTE_Tsuboyama_2023_2KRU_all,CATR_CHLRE_Tsuboyama_2023_2AMI_epistatic,CATR_CHLRE_Tsuboyama_2023_2AMI_all,CBPA2_HUMAN_Tsuboyama_2023_1O6X_epistatic,CBPA2_HUMAN_Tsuboyama_2023_1O6X_all,CBX4_HUMAN_Tsuboyama_2023_2K28_epistatic,CBX4_HUMAN_Tsuboyama_2023_2K28_all,CSN4_MOUSE_Tsuboyama_2023_1UFM_epistatic,CSN4_MOUSE_Tsuboyama_2023_1UFM_all,CUE1_YEAST_Tsuboyama_2023_2MYX_epistatic,CUE1_YEAST_Tsuboyama_2023_2MYX_all,DNJA1_HUMAN_Tsuboyama_2023_2LO1_epistatic,DNJA1_HUMAN_Tsuboyama_2023_2LO1_all,DOCK1_MOUSE_Tsuboyama_2023_2M0Y_epistatic,DOCK1_MOUSE_Tsuboyama_2023_2M0Y_all,EPHB2_HUMAN_Tsuboyama_2023_1F0M_epistatic,EPHB2_HUMAN_Tsuboyama_2023_1F0M_all,FECA_ECOLI_Tsuboyama_2023_2D1U_epistatic,FECA_ECOLI_Tsuboyama_2023_2D1U_all,HECD1_HUMAN_Tsuboyama_2023_3DKM_epistatic,HECD1_HUMAN_Tsuboyama_2023_3DKM_all,ISDH_STAAW_Tsuboyama_2023_2LHR_epistatic,ISDH_STAAW_Tsuboyama_2023_2LHR_all,MAFG_MOUSE_Tsuboyama_2023_1K1V_epistatic,MAFG_MOUSE_Tsuboyama_2023_1K1V_all,MBD11_ARATH_Tsuboyama_2023_6ACV_epistatic,MBD11_ARATH_Tsuboyama_2023_6ACV_all,MYO3_YEAST_Tsuboyama_2023_2BTT_epistatic,MYO3_YEAST_Tsuboyama_2023_2BTT_all,NKX31_HUMAN_Tsuboyama_2023_2L9R_epistatic,NKX31_HUMAN_Tsuboyama_2023_2L9R_all,NUSA_ECOLI_Tsuboyama_2023_1WCL_epistatic,NUSA_ECOLI_Tsuboyama_2023_1WCL_all,NUSG_MYCTU_Tsuboyama_2023_2MI6_epistatic,NUSG_MYCTU_Tsuboyama_2023_2MI6_all,OBSCN_HUMAN_Tsuboyama_2023_1V1C_epistatic,OBSCN_HUMAN_Tsuboyama_2023_1V1C_all,ODP2_GEOSE_Tsuboyama_2023_1W4G_epistatic,ODP2_GEOSE_Tsuboyama_2023_1W4G_all,PIN1_HUMAN_Tsuboyama_2023_1I6C_epistatic,PIN1_HUMAN_Tsuboyama_2023_1I6C_all,PITX2_HUMAN_Tsuboyama_2023_2L7M_epistatic,PITX2_HUMAN_Tsuboyama_2023_2L7M_all,POLG_PESV_Tsuboyama_2023_2MXD_epistatic,POLG_PESV_Tsuboyama_2023_2MXD_all,PR40A_HUMAN_Tsuboyama_2023_1UZC_epistatic,PR40A_HUMAN_Tsuboyama_2023_1UZC_all,RAD_ANTMA_Tsuboyama_2023_2CJJ_epistatic,RAD_ANTMA_Tsuboyama_2023_2CJJ_all,RBP1_HUMAN_Tsuboyama_2023_2KWH_epistatic,RBP1_HUMAN_Tsuboyama_2023_2KWH_all,RCD1_ARATH_Tsuboyama_2023_5OAO_epistatic,RCD1_ARATH_Tsuboyama_2023_5OAO_all,RCRO_LAMBD_Tsuboyama_2023_1ORC_epistatic,RCRO_LAMBD_Tsuboyama_2023_1ORC_all,RD23A_HUMAN_Tsuboyama_2023_1IFY_epistatic,RD23A_HUMAN_Tsuboyama_2023_1IFY_all,RFAH_ECOLI_Tsuboyama_2023_2LCL_epistatic,RFAH_ECOLI_Tsuboyama_2023_2LCL_all,RL20_AQUAE_Tsuboyama_2023_1GYZ_epistatic,RL20_AQUAE_Tsuboyama_2023_1GYZ_all,RPC1_BP434_Tsuboyama_2023_1R69_epistatic,RPC1_BP434_Tsuboyama_2023_1R69_all,SAV1_MOUSE_Tsuboyama_2023_2YSB_epistatic,SAV1_MOUSE_Tsuboyama_2023_2YSB_all,SDA_BACSU_Tsuboyama_2023_1PV0_epistatic,SDA_BACSU_Tsuboyama_2023_1PV0_all,SPA_STAAU_Tsuboyama_2023_1LP1_epistatic,SPA_STAAU_Tsuboyama_2023_1LP1_all,SPG2_STRSG_Tsuboyama_2023_5UBS_epistatic,SPG2_STRSG_Tsuboyama_2023_5UBS_all,SPTN1_CHICK_Tsuboyama_2023_1TUD_epistatic,SPTN1_CHICK_Tsuboyama_2023_1TUD_all,SR43C_ARATH_Tsuboyama_2023_2N88_epistatic,SR43C_ARATH_Tsuboyama_2023_2N88_all,SRBS1_HUMAN_Tsuboyama_2023_2O2W_epistatic,SRBS1_HUMAN_Tsuboyama_2023_2O2W_all,TCRG1_MOUSE_Tsuboyama_2023_1E0L_epistatic,TCRG1_MOUSE_Tsuboyama_2023_1E0L_all,THO1_YEAST_Tsuboyama_2023_2WQG_epistatic,THO1_YEAST_Tsuboyama_2023_2WQG_all,TNKS2_HUMAN_Tsuboyama_2023_5JRT_epistatic,TNKS2_HUMAN_Tsuboyama_2023_5JRT_all,UBE4B_HUMAN_Tsuboyama_2023_3L1X_epistatic,UBE4B_HUMAN_Tsuboyama_2023_3L1X_all,UBR5_HUMAN_Tsuboyama_2023_1I2T_epistatic,UBR5_HUMAN_Tsuboyama_2023_1I2T_all,VILI_CHICK_Tsuboyama_2023_1YU5_epistatic,VILI_CHICK_Tsuboyama_2023_1YU5_all,YAIA_ECOLI_Tsuboyama_2023_2KVT_epistatic,YAIA_ECOLI_Tsuboyama_2023_2KVT_all,YNZC_BACSU_Tsuboyama_2023_2JVD_epistatic,YNZC_BACSU_Tsuboyama_2023_2JVD_all
0,CARP_carp_38M_carp_38M_score,,,,,,,,,,,,,,,,,,,,,,,,,,,,,,,,,,,,,,,,,,,,,,,,,,,-0.17,-0.20,-0.08,-0.10,-0.01,-0.01,0.61,0.62,0.09,0.14,0.50,0.51,0.47,0.47,-0.04,-0.09,0.54,0.55,0.25,0.29,0.19,0.20,0.25,0.24,0.14,0.12,0.31,0.35,-0.11,-0.15,-0.07,-0.04,0.01,0.01,0.14,0.12,0.41,0.40,0.18,0.17,0.51,0.57,-0.10,-0.00,0.19,0.34,0.08,0.09,0.03,0.04,0.41,0.39,0.58,0.46,0.11,0.11,-0.45,-0.41,-0.48,-0.48,0.34,0.34,-0.23,-0.28,0.20,0.20,0.54,0.56,0.13,0.07,-0.08,-0.08,-0.32,-0.33,-0.28,-0.17,0.39,0.45,0.49,0.46,0.30,0.36,0.61,0.56,0.39,0.29,-0.61,-0.61,0.13,0.12,0.19,0.18,0.25,0.26,0.12,0.15,0.31,0.37
1,CARP_carp_600k_carp_600k_score,,,,,,,,,,,,,,,,,,,,,,,,,,,,,,,,,,,,,,,,,,,,,,,,,,,-0.20,-0.23,0.29,0.20,-0.01,-0.01,0.52,0.54,-0.05,-0.02,-0.37,-0.38,0.48,0.48,-0.05,-0.06,-0.20,-0.19,-0.26,-0.29,-0.18,-0.17,-0.12,-0.17,0.09,0.06,0.29,0.34,0.10,0.05,-0.11,-0.07,0.06,0.04,0.18,0.15,0.47,0.47,0.23,0.22,0.24,0.28,-0.13,-0.17,-0.37,-0.37,0.39,0.33,0.03,0.04,0.39,0.36,0.70,0.46,0.15,0.15,-0.38,-0.38,-0.24,-0.24,-0.16,-0.16,-0.18,-0.21,0.20,0.20,0.29,0.27,0.10,-0.04,-0.12,-0.11,-0.29,-0.29,-0.37,-0.33,-0.36,-0.39,-0.47,-0.46,-0.14,-0.08,0.30,0.18,0.26,0.12,-0.06,-0.06,-0.15,-0.17,0.22,0.21,0.15,0.18,-0.10,-0.11,0.32,0.36
2,CARP_carp_640M_carp_640M_score,,,,,,,,,,,,,,,,,,,,,,,,,,,,,,,,,,,,,,,,,,,,,,,,,,,-0.18,-0.24,-0.07,0.00,0.05,0.05,0.39,0.41,0.29,0.32,0.22,0.24,0.32,0.32,0.28,0.37,0.58,0.58,0.31,0.32,0.14,0.12,0.42,0.37,0.22,0.22,0.33,0.37,-0.06,-0.07,0.28,0.26,0.45,0.43,0.07,0.06,0.44,0.44,0.32,0.31,0.51,0.56,-0.11,-0.01,0.26,0.33,-0.22,-0.20,0.07,0.09,0.45,0.42,0.67,0.52,0.20,0.20,-0.39,-0.38,0.47,0.47,0.32,0.32,-0.17,-0.25,0.42,0.42,0.16,0.17,-0.05,0.03,-0.08,-0.06,-0.28,-0.28,-0.31,-0.16,0.35,0.43,0.41,0.42,0.19,0.21,0.50,0.48,-0.01,-0.04,0.02,0.02,0.20,0.20,0.46,0.44,-0.03,0.02,0.18,0.23,0.38,0.34
3,CARP_carp_76M_carp_76M_score,,,,,,,,,,,,,,,,,,,,,,,,,,,,,,,,,,,,,,,,,,,,,,,,,,,-0.23,-0.27,-0.04,-0.04,0.02,0.03,0.51,0.52,0.26,0.29,0.48,0.48,0.42,0.42,0.13,0.17,0.64,0.65,0.27,0.31,0.16,0.15,0.46,0.42,0.07,0.06,0.31,0.35,-0.12,-0.16,0.07,0.09,0.27,0.26,0.02,0.01,0.45,0.45,0.40,0.39,0.62,0.66,-0.13,-0.03,0.31,0.42,-0.38,-0.36,0.09,0.11,0.30,0.29,0.61,0.48,0.14,0.14,-0.42,-0.40,0.09,0.09,0.60,0.60,-0.26,-0.33,0.42,0.42,0.21,0.30,0.12,0.09,-0.11,-0.10,-0.23,-0.23,-0.31,-0.19,0.42,0.50,0.27,0.26,0.26,0.32,0.62,0.58,0.34,0.26,0.24,0.24,0.14,0.15,0.27,0.26,-0.16,-0.09,0.20,0.22,0.35,0.36
4,DeepSequence_evol_indices_seed_1000,,,,,,,,,,,,,,,,,,,,,,,,,,,,,,,,,,,,,,,,,,,,,,,,,,,-0.11,-0.14,0.14,0.04,-0.42,-0.42,-0.05,-0.06,-0.40,-0.43,-0.44,-0.43,-0.07,-0.07,-0.15,-0.27,-0.38,-0.39,-0.22,-0.20,-0.06,-0.04,-0.39,-0.32,0.05,0.02,-0.11,-0.14,-0.38,-0.39,-0.30,-0.31,-0.22,-0.19,-0.15,-0.12,-0.48,-0.48,-0.36,-0.36,-0.59,-0.64,0.14,0.03,-0.40,-0.47,-0.35,-0.31,-0.18,-0.16,-0.30,-0.31,-0.62,-0.46,0.20,0.20,0.41,0.37,-0.23,-0.23,-0.48,-0.48,0.47,0.56,-0.52,-0.52,-0.53,-0.52,-0.07,-0.12,-0.14,-0.15,-0.20,-0.21,0.33,0.29,-0.55,-0.60,-0.52,-0.51,-0.34,-0.38,-0.62,-0.58,0.12,0.11,-0.16,-0.16,-0.30,-0.30,-0.41,-0.40,0.02,-0.04,-0.14,-0.20,-0.26,-0.16
5,DeepSequence_evol_indices_seed_2000,,,,,,,,,,,,,,,,,,,,,,,,,,,,,,,,,,,,,,,,,,,,,,,,,,,-0.07,-0.08,0.16,0.07,-0.41,-0.41,-0.13,-0.16,-0.38,-0.41,-0.45,-0.46,-0.13,-0.13,-0.15,-0.26,-0.37,-0.38,-0.36,-0.38,-0.05,-0.02,-0.38,-0.32,-0.00,-0.03,-0.11,-0.14,-0.37,-0.37,-0.50,-0.48,-0.23,-0.20,-0.11,-0.09,-0.50,-0.50,-0.40,-0.40,-0.60,-0.65,0.08,0.03,-0.41,-0.48,-0.36,-0.33,-0.28,-0.26,-0.28,-0.29,-0.63,-0.47,0.21,0.21,0.37,0.34,-0.13,-0.13,-0.50,-0.50,0.53,0.57,-0.51,-0.51,-0.24,-0.27,-0.10,-0.14,-0.15,-0.16,-0.24,-0.25,-0.01,-0.11,-0.46,-0.54,-0.46,-0.47,-0.27,-0.33,-0.62,-0.58,0.11,0.11,0.14,0.14,-0.28,-0.28,-0.42,-0.41,-0.01,-0.07,-0.24,-0.29,-0.32,-0.23
6,DeepSequence_evol_indices_seed_3000,,,,,,,,,,,,,,,,,,,,,,,,,,,,,,,,,,,,,,,,,,,,,,,,,,,-0.05,-0.05,0.13,0.04,-0.41,-0.41,-0.09,-0.11,-0.39,-0.42,-0.45,-0.47,-0.13,-0.13,-0.14,-0.26,-0.36,-0.37,-0.37,-0.39,-0.05,-0.03,-0.39,-0.32,0.10,0.07,-0.12,-0.15,-0.38,-0.38,-0.29,-0.31,-0.22,-0.19,-0.12,-0.10,-0.48,-0.48,-0.36,-0.36,-0.60,-0.65,0.00,-0.09,-0.42,-0.49,-0.38,-0.35,-0.19,-0.17,-0.29,-0.29,-0.66,-0.48,0.20,0.20,0.39,0.36,-0.24,-0.24,-0.50,-0.50,0.46,0.53,-0.53,-0.53,-0.30,-0.34,-0.07,-0.11,-0.15,-0.16,-0.17,-0.18,0.28,0.23,-0.40,-0.48,-0.47,-0.47,-0.27,-0.32,-0.62,-0.58,0.12,0.12,-0.01,-0.01,-0.31,-0.32,-0.40,-0.39,0.04,-0.01,-0.17,-0.23,-0.36,-0.27
7,DeepSequence_evol_indices_seed_4000,,,,,,,,,,,,,,,,,,,,,,,,,,,,,,,,,,,,,,,,,,,,,,,,,,,-0.14,-0.17,0.10,-0.02,-0.40,-0.41,-0.15,-0.16,-0.40,-0.42,-0.51,-0.51,-0.08,-0.08,-0.15,-0.27,-0.37,-0.38,-0.18,-0.17,-0.07,-0.05,-0.40,-0.33,0.11,0.08,-0.11,-0.14,-0.38,-0.38,-0.34,-0.34,-0.31,-0.32,-0.15,-0.13,-0.48,-0.48,-0.36,-0.35,-0.62,-0.66,0.09,0.03,-0.42,-0.48,-0.40,-0.36,-0.24,-0.22,-0.24,-0.26,-0.66,-0.42,0.20,0.20,0.38,0.35,-0.16,-0.16,-0.50,-0.50,0.43,0.50,-0.48,-0.48,-0.31,-0.32,-0.10,-0.11,-0.15,-0.17,-0.05,-0.07,-0.02,-0.14,-0.43,-0.51,-0.46,-0.47,-0.39,-0.43,-0.62,-0.58,0.11,0.12,-0.15,-0.15,-0.31,-0.31,-0.32,-0.31,-0.00,-0.07,-0.24,-0.29,-0.32,-0.23
8,DeepSequence_evol_indices_seed_5000,,,,,,,,,,,,,,,,,,,,,,,,,,,,,,,,,,,,,,,,,,,,,,,,,,,-0.08,-0.10,0.13,0.02,-0.36,-0.36,-0.11,-0.14,-0.40,-0.42,-0.41,-0.43,-0.12,-0.12,-0.14,-0.26,-0.37,-0.38,-0.21,-0.21,-0.09,-0.06,-0.37,-0.30,0.05,0.03,-0.11,-0.14,-0.40,-0.39,-0.37,-0.37,-0.20,-0.20,-0.11,-0.08,-0.50,-0.50,-0.43,-0.43,-0.63,-0.67,0.13,0.03,-0.43,-0.50,-0.33,-0.31,-0.20,-0.18,-0.31,-0.31,-0.65,-0.43,0.20,0.20,0.37,0.33,-0.13,-0.13,-0.50,-0.50,0.45,0.51,-0.49,-0.49,-0.16,-0.17,-0.12,-0.13,-0.18,-0.19,-0.04,-0.05,0.11,0.01,-0.45,-0.52,-0.49,-0.48,-0.28,-0.33,-0.62,-0.58,0.12,0.12,0.18,0.18,-0.32,-0.32,-0.34,-0.34,-0.03,-0.09,-0.27,-0.32,-0.31,-0.22
9,DeepSequence_evol_indices_ensemble,,,,,,,,,,,,,,,,,,,,,,,,,,,,,,,,,,,,,,,,,,,,,,,,,,,-0.09,-0.11,0.13,0.04,-0.40,-0.40,-0.11,-0.13,-0.40,-0.42,-0.51,-0.51,-0.11,-0.11,-0.14,-0.26,-0.37,-0.38,-0.27,-0.26,-0.06,-0.04,-0.39,-0.32,0.06,0.04,-0.11,-0.14,-0.39,-0.39,-0.37,-0.38,-0.25,-0.23,-0.13,-0.11,-0.49,-0.49,-0.38,-0.38,-0.63,-0.68,0.08,-0.02,-0.41,-0.48,-0.37,-0.34,-0.23,-0.21,-0.29,-0.30,-0.65,-0.47,0.20,0.20,0.39,0.36,-0.17,-0.17,-0.50,-0.50,0.49,0.55,-0.51,-0.51,-0.37,-0.40,-0.10,-0.12,-0.15,-0.16,-0.17,-0.19,0.13,0.04,-0.47,-0.54,-0.49,-0.49,-0.31,-0.36,-0.62,-0.58,0.12,0.12,0.02,0.02,-0.31,-0.31,-0.37,-0.36,0.00,-0.06,-0.22,-0.27,-0.32,-0.22
10,ESM1b_esm1b_t33_650M_UR50S,,,,,,,,,,,,,,,,,,,,,,,,,,,,,,,,,,,,,,,,,,,,,,,,,,,0.06,0.04,-0.11,-0.08,0.11,0.11,0.64,0.65,0.41,0.43,0.27,0.27,0.20,0.20,0.33,0.37,0.43,0.44,0.26,0.32,0.24,0.22,0.42,0.39,-0.13,-0.09,0.38,0.42,-0.02,-0.02,0.26,0.25,0.50,0.50,0.18,0.16,0.49,0.49,0.21,0.20,0.43,0.48,-0.06,0.04,0.36,0.42,0.06,0.07,0.06,0.07,0.11,0.13,0.52,0.38,0.26,0.26,-0.41,-0.38,0.09,0.09,0.15,0.15,-0.46,-0.45,0.47,0.47,0.21,0.25,0.03,0.16,0.09,0.11,-0.20,-0.20,-0.18,-0.08,0.41,0.49,0.48,0.51,0.28,0.33,0.54,0.51,-0.16,-0.20,0.19,0.19,0.10,0.14,0.47,0.46,0.03,0.11,0.18,0.24,0.33,0.33
11,ESM1v_esm1v_t33_650M_UR90S_1,,,,,,,,,,,,,,,,,,,,,,,,,,,,,,,,,,,,,,,,,,,,,,,,,,,0.15,0.14,-0.07,-0.06,0.04,0.04,0.59,0.60,0.48,0.49,0.34,0.33,0.28,0.28,0.26,0.36,0.41,0.41,0.30,0.34,0.28,0.25,0.11,0.05,0.29,0.27,0.31,0.34,-0.15,-0.19,-0.17,-0.11,0.42,0.42,0.08,0.06,0.39,0.39,0.28,0.27,0.57,0.62,-0.06,-0.02,0.27,0.37,-0.13,-0.08,0.00,0.02,-0.26,-0.15,0.63,0.53,0.12,0.12,-0.38,-0.36,-0.30,-0.30,0.56,0.56,-0.26,-0.34,0.50,0.50,0.10,0.18,0.09,0.09,-0.29,-0.28,-0.30,-0.30,-0.30,-0.19,0.50,0.56,0.36,0.37,0.11,0.20,0.57,0.54,0.20,0.08,-0.14,-0.14,0.23,0.21,0.19,0.18,-0.04,0.06,0.24,0.28,0.27,0.27
12,ESM1v_esm1v_t33_650M_UR90S_2,,,,,,,,,,,,,,,,,,,,,,,,,,,,,,,,,,,,,,,,,,,,,,,,,,,-0.05,-0.06,0.03,0.04,0.11,0.11,0.57,0.58,0.37,0.39,0.17,0.19,0.35,0.35,0.28,0.37,0.40,0.40,0.25,0.31,0.24,0.23,0.27,0.23,0.22,0.22,0.33,0.37,-0.13,-0.17,-0.15,-0.11,0.36,0.36,0.12,0.12,0.43,0.43,0.26,0.25,0.58,0.63,-0.06,0.00,0.26,0.37,-0.26,-0.21,0.20,0.21,-0.37,-0.32,0.64,0.54,0.20,0.20,-0.41,-0.40,0.05,0.05,0.49,0.49,0.00,-0.07,0.38,0.38,0.14,0.27,0.15,0.18,-0.20,-0.18,-0.26,-0.26,-0.40,-0.32,0.36,0.43,0.46,0.46,0.10,0.19,0.58,0.55,-0.08,-0.16,-0.09,-0.09,0.26,0.24,0.43,0.43,0.00,0.09,0.23,0.23,0.17,0.15
13,ESM1v_esm1v_t33_650M_UR90S_3,,,,,,,,,,,,,,,,,,,,,,,,,,,,,,,,,,,,,,,,,,,,,,,,,,,-0.09,-0.11,0.02,-0.00,0.26,0.26,0.50,0.52,0.37,0.40,0.33,0.34,0.36,0.36,0.28,0.38,0.42,0.43,0.24,0.30,0.01,-0.02,0.14,0.11,0.26,0.24,0.41,0.45,-0.10,-0.13,-0.25,-0.20,0.32,0.32,0.23,0.22,0.38,0.38,0.25,0.24,0.49,0.56,-0.09,-0.07,0.20,0.34,-0.30,-0.26,0.08,0.09,0.49,0.45,0.61,0.54,0.15,0.15,-0.47,-0.44,-0.21,-0.21,0.46,0.46,-0.37,-0.39,0.41,0.41,0.38,0.39,0.11,0.15,-0.08,-0.06,-0.21,-0.22,-0.36,-0.30,0.46,0.52,0.38,0.37,0.11,0.22,0.60,0.55,0.09,0.04,-0.07,-0.07,0.17,0.16,0.25,0.26,0.25,0.33,0.20,0.26,0.20,0.15
14,ESM1v_esm1v_t33_650M_UR90S_4,,,,,,,,,,,,,,,,,,,,,,,,,,,,,,,,,,,,,,,,,,,,,,,,,,,0.22,0.24,-0.05,-0.02,0.08,0.08,0.58,0.57,0.36,0.38,0.34,0.36,0.31,0.31,0.26,0.38,0.61,0.62,0.32,0.36,0.15,0.12,0.30,0.26,0.07,0.04,0.32,0.36,-0.10,-0.13,0.24,0.25,0.44,0.41,0.15,0.14,0.43,0.43,0.35,0.35,0.56,0.62,-0.05,-0.01,0.19,0.31,-0.20,-0.17,0.02,0.03,0.37,0.33,0.55,0.48,0.16,0.16,-0.44,-0.43,-0.03,-0.03,0.48,0.48,-0.43,-0.41,0.41,0.41,0.26,0.32,0.18,0.11,-0.33,-0.32,-0.27,-0.28,-0.31,-0.20,0.47,0.53,0.33,0.33,0.20,0.29,0.62,0.60,0.19,0.08,0.06,0.06,0.22,0.19,0.18,0.17,0.33,0.41,0.23,0.28,0.37,0.34
15,ESM1v_esm1v_t33_650M_UR90S_5,,,,,,,,,,,,,,,,,,,,,,,,,,,,,,,,,,,,,,,,,,,,,,,,,,,0.38,0.43,-0.02,-0.01,0.24,0.24,0.54,0.55,0.24,0.27,0.29,0.29,0.31,0.31,0.03,-0.02,0.33,0.32,0.30,0.34,0.26,0.23,0.43,0.37,0.21,0.19,0.30,0.33,0.24,0.25,-0.06,-0.01,0.49,0.48,0.16,0.14,0.43,0.43,0.31,0.30,0.60,0.65,-0.14,-0.21,0.34,0.40,-0.17,-0.10,0.20,0.20,0.56,0.50,0.60,0.39,0.08,0.07,-0.39,-0.38,-0.21,-0.21,0.51,0.51,-0.21,-0.23,0.53,0.53,0.23,0.24,-0.10,-0.03,-0.16,-0.14,-0.30,-0.30,-0.32,-0.25,0.43,0.50,0.30,0.31,0.13,0.20,0.62,0.59,0.16,0.04,-0.07,-0.07,0.21,0.21,0.19,0.20,0.09,0.18,0.31,0.31,0.37,0.33
16,ESM1v_Ensemble_ESM1v,,,,,,,,,,,,,,,,,,,,,,,,,,,,,,,,,,,,,,,,,,,,,,,,,,,0.20,0.22,-0.02,-0.02,0.14,0.15,0.59,0.60,0.38,0.40,0.31,0.32,0.35,0.35,0.28,0.37,0.46,0.46,0.28,0.33,0.17,0.14,0.29,0.24,0.24,0.23,0.34,0.38,-0.06,-0.09,-0.09,-0.05,0.42,0.42,0.15,0.14,0.41,0.41,0.30,0.30,0.58,0.63,-0.08,-0.05,0.27,0.38,-0.23,-0.18,0.11,0.12,0.19,0.19,0.62,0.49,0.14,0.14,-0.41,-0.40,-0.16,-0.16,0.54,0.54,-0.29,-0.33,0.46,0.46,0.24,0.30,0.11,0.11,-0.23,-0.21,-0.27,-0.28,-0.34,-0.26,0.45,0.52,0.38,0.38,0.12,0.22,0.61,0.57,0.13,0.03,-0.07,-0.07,0.23,0.21,0.27,0.27,0.12,0.22,0.26,0.29,0.33,0.29
17,ESM2_150M_esm2_t30_150M_UR50D,,,,,,,,,,,,,,,,,,,,,,,,,,,,,,,,,,,,,,,,,,,,,,,,,,,-0.05,-0.07,0.01,0.01,0.13,0.14,0.75,0.74,0.27,0.31,0.37,0.38,0.17,0.17,0.25,0.36,0.41,0.42,0.27,0.32,0.25,0.25,0.42,0.37,0.21,0.21,0.34,0.37,-0.11,-0.14,0.40,0.41,0.57,0.55,0.33,0.30,0.47,0.47,0.25,0.24,0.69,0.73,-0.09,0.01,0.37,0.46,0.48,0.41,-0.03,-0.01,0.55,0.53,0.39,0.16,0.20,0.19,-0.48,-0.37,0.14,0.14,0.56,0.56,-0.45,-0.47,0.48,0.48,0.31,0.32,0.08,0.04,0.14,0.16,-0.28,-0.29,-0.35,-0.29,0.42,0.49,0.45,0.47,0.36,0.45,0.62,0.58,-0.06,-0.09,0.07,0.07,0.27,0.29,0.08,0.08,-0.02,0.04,0.31,0.32,0.32,0.24
18,ESM2_15B_esm2_t48_15B_UR50D,,,,,,,,,,,,,,,,,,,,,,,,,,,,,,,,,,,,,,,,,,,,,,,,,,,-0.13,-0.19,-0.02,0.04,0.24,0.25,0.55,0.55,0.36,0.38,0.17,0.20,0.07,0.07,0.14,0.24,0.32,0.32,0.26,0.32,0.09,0.07,0.36,0.31,0.05,0.07,0.33,0.38,-0.04,-0.03,0.15,0.19,0.05,0.10,0.18,0.15,0.48,0.49,0.30,0.30,0.58,0.62,-0.02,0.08,0.03,0.22,0.04,0.06,0.01,0.02,0.12,0.14,0.47,0.27,0.19,0.18,-0.33,-0.18,0.45,0.45,0.43,0.43,-0.10,0.02,0.45,0.45,-0.04,0.00,0.19,0.13,0.10,0.12,-0.29,-0.29,-0.36,-0.26,0.50,0.55,0.26,0.29,0.26,0.34,0.63,0.60,-0.11,-0.19,-0.08,-0.08,0.33,0.31,0.43,0.42,-0.06,-0.01,0.33,0.35,0.23,0.21
19,ESM2_35M_esm2_t12_35M_UR50D,,,,,,,,,,,,,,,,,,,,,,,,,,,,,,,,,,,,,,,,,,,,,,,,,,,0.27,0.28,-0.01,-0.01,-0.01,-0.01,0.69,0.70,0.21,0.25,0.48,0.49,0.50,0.50,0.39,0.46,0.43,0.45,0.25,0.30,0.17,0.15,0.28,0.24,0.21,0.19,0.35,0.38,-0.11,-0.15,-0.16,-0.12,0.34,0.33,0.37,0.35,0.48,0.48,0.41,0.40,0.63,0.68,-0.17,-0.22,0.49,0.55,0.39,0.34,0.11,0.13,0.42,0.40,0.32,0.15,0.13,0.13,-0.40,-0.41,0.08,0.08,0.51,0.51,-0.11,-0.22,0.36,0.36,0.23,0.23,0.31,0.32,-0.01,-0.00,-0.26,-0.26,-0.30,-0.22,0.43,0.48,0.48,0.46,0.34,0.42,0.58,0.53,0.08,-0.02,0.04,0.04,0.18,0.18,0.15,0.14,0.33,0.37,0.34,0.39,0.33,0.38
20,ESM2_3B_esm2_t36_3B_UR50D,,,,,,,,,,,,,,,,,,,,,,,,,,,,,,,,,,,,,,,,,,,,,,,,,,,-0.07,-0.13,-0.07,-0.01,0.36,0.37,0.62,0.63,0.35,0.37,0.16,0.18,0.05,0.05,0.21,0.33,0.23,0.24,0.24,0.28,0.21,0.19,0.39,0.33,-0.03,-0.01,0.39,0.44,-0.10,-0.13,0.27,0.31,0.46,0.46,0.19,0.17,0.48,0.48,0.24,0.23,0.64,0.67,-0.12,-0.04,0.31,0.38,0.35,0.29,0.05,0.06,0.13,0.15,0.50,0.29,0.05,0.05,-0.34,-0.26,0.09,0.09,0.43,0.43,-0.42,-0.40,0.42,0.42,0.16,0.16,0.07,-0.00,0.12,0.14,-0.30,-0.30,-0.25,-0.15,0.57,0.62,0.37,0.39,0.46,0.52,0.55,0.51,-0.17,-0.17,0.09,0.09,0.27,0.29,0.42,0.42,-0.05,0.01,0.30,0.33,0.24,0.23
21,ESM2_650M_esm2_t33_650M_UR50D,,,,,,,,,,,,,,,,,,,,,,,,,,,,,,,,,,,,,,,,,,,,,,,,,,,-0.12,-0.19,-0.04,-0.02,0.23,0.24,0.63,0.65,0.29,0.32,0.33,0.35,0.34,0.34,0.35,0.44,0.38,0.40,0.29,0.34,0.23,0.21,0.41,0.36,0.04,0.05,0.31,0.35,-0.15,-0.19,0.28,0.30,0.56,0.55,0.27,0.24,0.48,0.48,0.29,0.28,0.68,0.71,-0.05,0.05,0.36,0.46,0.43,0.41,0.11,0.13,0.39,0.40,0.51,0.24,0.26,0.25,-0.37,-0.26,0.19,0.19,0.49,0.49,-0.12,-0.16,0.58,0.58,0.07,0.12,-0.05,-0.01,0.09,0.11,-0.26,-0.26,-0.25,-0.17,0.47,0.53,0.36,0.38,0.30,0.38,0.59,0.55,-0.20,-0.23,0.06,0.06,0.24,0.25,0.17,0.16,-0.00,0.06,0.11,0.11,0.31,0.26
22,ESM2_8M_esm2_t6_8M_UR50D,,,,,,,,,,,,,,,,,,,,,,,,,,,,,,,,,,,,,,,,,,,,,,,,,,,-0.20,-0.23,0.29,0.22,-0.03,-0.02,0.55,0.57,0.02,0.09,-0.25,-0.26,0.41,0.41,0.04,0.04,0.56,0.58,0.08,0.09,-0.30,-0.29,-0.13,-0.12,0.12,0.09,0.34,0.37,-0.02,-0.07,-0.11,-0.08,0.11,0.10,0.29,0.26,0.35,0.35,0.27,0.26,0.37,0.42,-0.10,-0.11,0.41,0.47,0.36,0.30,0.13,0.14,0.39,0.38,0.38,0.21,-0.02,-0.03,-0.41,-0.41,-0.13,-0.13,0.02,0.02,-0.18,-0.22,0.27,0.27,0.39,0.42,0.16,0.10,-0.02,-0.01,-0.29,-0.30,-0.35,-0.24,-0.29,-0.33,-0.47,-0.47,0.24,0.29,0.65,0.60,0.35,0.20,0.19,0.19,0.21,0.17,0.20,0.19,0.20,0.24,0.05,0.07,0.27,0.31
23,ESM-IF1_esmif1_ll,,,,,,,,,,,,,,,,,,,,,,,,,,,,,,,,,,,,,,,,,,,,,,,,,,,0.12,0.15,0.48,0.43,0.53,0.54,0.58,0.59,0.32,0.34,0.16,0.18,0.47,0.47,0.42,0.43,0.18,0.16,0.01,0.01,0.45,0.46,0.38,0.34,0.18,0.19,0.18,0.23,0.13,0.14,0.57,0.56,0.32,0.36,0.19,0.17,0.55,0.55,0.56,0.56,0.64,0.67,0.17,0.25,0.25,0.38,0.37,0.40,0.50,0.52,0.64,0.62,0.67,0.43,0.29,0.29,-0.28,-0.20,0.58,0.58,0.47,0.47,0.14,0.11,0.58,0.58,0.29,0.32,0.08,0.36,0.13,0.14,0.38,0.39,0.19,0.32,0.33,0.39,0.38,0.41,0.42,0.50,0.68,0.64,0.39,0.23,-0.05,-0.05,0.29,0.31,0.63,0.64,0.57,0.61,0.26,0.31,0.29,0.30
24,EVE_evol_indices_seed_1000,,,,,,,,,,,,,,,,,,,,,,,,,,,,,,,,,,,,,,,,,,,,,,,,,,,-0.08,-0.09,0.09,0.05,-0.43,-0.44,-0.04,-0.04,-0.38,-0.41,-0.21,-0.24,-0.16,-0.16,-0.14,-0.26,-0.41,-0.41,-0.41,-0.45,-0.11,-0.09,-0.40,-0.33,0.06,0.03,-0.11,-0.14,-0.36,-0.36,-0.46,-0.45,-0.25,-0.26,-0.17,-0.14,-0.51,-0.51,-0.41,-0.40,-0.54,-0.59,0.15,0.04,-0.39,-0.48,-0.33,-0.31,-0.30,-0.28,-0.38,-0.38,-0.66,-0.42,0.20,0.20,0.36,0.30,-0.28,-0.28,-0.47,-0.47,0.37,0.39,-0.55,-0.55,-0.29,-0.34,-0.10,-0.12,-0.22,-0.23,-0.27,-0.27,0.12,0.04,-0.50,-0.57,-0.51,-0.51,-0.34,-0.41,-0.62,-0.58,0.10,0.10,-0.04,-0.04,-0.31,-0.31,-0.41,-0.41,0.01,-0.03,-0.29,-0.33,-0.29,-0.20
25,EVE_evol_indices_seed_2000,,,,,,,,,,,,,,,,,,,,,,,,,,,,,,,,,,,,,,,,,,,,,,,,,,,-0.07,-0.09,0.11,0.02,-0.43,-0.44,-0.12,-0.13,-0.38,-0.41,-0.35,-0.37,-0.18,-0.18,-0.15,-0.28,-0.39,-0.39,-0.42,-0.45,-0.05,-0.03,-0.38,-0.32,0.04,0.02,-0.11,-0.13,-0.37,-0.38,-0.48,-0.45,-0.34,-0.33,-0.23,-0.21,-0.51,-0.51,-0.37,-0.36,-0.57,-0.62,0.12,0.01,-0.35,-0.46,-0.36,-0.33,-0.28,-0.27,-0.34,-0.35,-0.64,-0.40,0.20,0.20,0.38,0.33,-0.29,-0.29,-0.52,-0.52,0.45,0.50,-0.54,-0.54,0.14,-0.07,-0.11,-0.14,-0.21,-0.22,-0.28,-0.28,0.12,0.04,-0.51,-0.57,-0.28,-0.28,-0.29,-0.35,-0.62,-0.58,0.11,0.11,0.03,0.03,-0.30,-0.29,-0.43,-0.42,-0.01,-0.06,-0.29,-0.33,-0.30,-0.22
26,EVE_evol_indices_seed_3000,,,,,,,,,,,,,,,,,,,,,,,,,,,,,,,,,,,,,,,,,,,,,,,,,,,-0.08,-0.09,0.07,0.00,-0.43,-0.44,-0.12,-0.13,-0.37,-0.40,-0.42,-0.44,-0.18,-0.18,-0.15,-0.26,-0.39,-0.40,-0.36,-0.39,-0.08,-0.07,-0.38,-0.32,0.05,0.03,-0.10,-0.13,-0.37,-0.37,-0.49,-0.46,-0.26,-0.25,-0.14,-0.12,-0.50,-0.50,-0.40,-0.39,-0.59,-0.64,0.08,-0.02,-0.43,-0.51,-0.37,-0.33,-0.23,-0.22,-0.39,-0.38,-0.65,-0.44,0.19,0.19,0.37,0.32,-0.32,-0.32,-0.50,-0.50,0.44,0.49,-0.55,-0.55,0.42,0.40,-0.09,-0.12,-0.23,-0.24,-0.27,-0.28,0.10,0.04,-0.45,-0.52,-0.44,-0.43,-0.38,-0.44,-0.62,-0.58,0.10,0.10,-0.05,-0.05,-0.33,-0.33,-0.42,-0.41,0.02,-0.02,-0.31,-0.35,-0.32,-0.24
27,EVE_evol_indices_seed_4000,,,,,,,,,,,,,,,,,,,,,,,,,,,,,,,,,,,,,,,,,,,,,,,,,,,-0.10,-0.13,0.12,0.07,-0.42,-0.43,-0.22,-0.23,-0.38,-0.41,-0.40,-0.42,-0.17,-0.17,-0.15,-0.28,-0.40,-0.40,-0.43,-0.45,-0.13,-0.11,-0.38,-0.32,0.05,0.03,-0.11,-0.14,-0.38,-0.39,-0.49,-0.46,-0.34,-0.31,-0.24,-0.22,-0.50,-0.50,-0.33,-0.32,-0.54,-0.60,0.11,0.01,-0.32,-0.44,-0.32,-0.30,-0.28,-0.26,-0.36,-0.36,-0.67,-0.42,0.19,0.19,0.40,0.34,-0.27,-0.27,-0.48,-0.48,0.41,0.47,-0.53,-0.53,-0.24,-0.27,-0.09,-0.10,-0.23,-0.24,-0.29,-0.29,0.10,0.02,-0.47,-0.53,-0.49,-0.49,-0.26,-0.32,-0.62,-0.58,0.10,0.09,-0.01,-0.01,-0.28,-0.28,-0.44,-0.43,0.02,-0.01,-0.28,-0.32,-0.31,-0.21
28,EVE_evol_indices_seed_5000,,,,,,,,,,,,,,,,,,,,,,,,,,,,,,,,,,,,,,,,,,,,,,,,,,,-0.09,-0.10,0.09,0.05,-0.43,-0.44,-0.23,-0.24,-0.38,-0.41,-0.35,-0.37,-0.17,-0.17,-0.16,-0.28,-0.40,-0.40,-0.39,-0.42,-0.08,-0.07,-0.38,-0.32,0.04,0.02,-0.10,-0.14,-0.38,-0.38,-0.50,-0.48,-0.31,-0.28,-0.18,-0.16,-0.52,-0.52,-0.37,-0.37,-0.57,-0.62,0.07,-0.03,-0.38,-0.48,-0.37,-0.33,-0.28,-0.27,-0.41,-0.40,-0.65,-0.43,0.20,0.20,0.37,0.31,-0.15,-0.15,-0.51,-0.51,0.43,0.47,-0.52,-0.52,-0.17,-0.24,-0.12,-0.13,-0.23,-0.24,-0.27,-0.27,0.11,0.03,-0.50,-0.57,-0.46,-0.46,-0.31,-0.37,-0.62,-0.58,0.10,0.11,-0.13,-0.13,-0.31,-0.31,-0.41,-0.41,0.01,-0.03,-0.28,-0.32,-0.31,-0.23
29,EVE_evol_indices_ensemble,,,,,,,,,,,,,,,,,,,,,,,,,,,,,,,,,,,,,,,,,,,,,,,,,,,-0.09,-0.10,0.10,0.04,-0.43,-0.44,-0.14,-0.15,-0.38,-0.41,-0.37,-0.39,-0.17,-0.17,-0.16,-0.28,-0.40,-0.40,-0.42,-0.44,-0.09,-0.07,-0.38,-0.32,0.05,0.03,-0.11,-0.14,-0.37,-0.38,-0.49,-0.46,-0.31,-0.30,-0.20,-0.17,-0.51,-0.51,-0.37,-0.36,-0.57,-0.62,0.15,0.04,-0.39,-0.49,-0.35,-0.32,-0.28,-0.27,-0.38,-0.38,-0.65,-0.43,0.20,0.20,0.38,0.32,-0.26,-0.26,-0.50,-0.50,0.42,0.46,-0.54,-0.54,0.04,-0.04,-0.10,-0.13,-0.22,-0.23,-0.28,-0.28,0.12,0.03,-0.48,-0.55,-0.47,-0.47,-0.32,-0.38,-0.62,-0.58,0.10,0.11,-0.05,-0.05,-0.31,-0.30,-0.43,-0.42,0.01,-0.03,-0.29,-0.33,-0.31,-0.22
30,EVmutation_prediction_epistatic,,,,,,,,,,,,,,,,,,,,,,,,,,,,,,,,,,,,,,,,,,,,,,,,,,,0.13,0.14,-0.14,-0.00,0.44,0.44,0.02,0.04,0.38,0.41,0.16,0.17,0.28,0.28,0.14,0.26,0.49,0.50,0.31,0.31,0.23,0.22,0.35,0.29,0.03,0.04,0.14,0.16,0.32,0.32,0.41,0.39,0.10,0.11,0.26,0.24,0.48,0.48,0.42,0.42,0.57,0.61,-0.12,-0.07,0.38,0.48,0.38,0.35,0.26,0.25,0.16,0.16,0.69,0.47,-0.13,-0.14,-0.42,-0.41,0.39,0.39,0.30,0.30,-0.35,-0.36,0.45,0.45,0.64,0.62,0.15,0.19,0.22,0.23,0.11,0.13,-0.17,-0.07,0.46,0.47,0.54,0.52,0.39,0.43,0.62,0.58,-0.14,-0.16,0.38,0.38,0.29,0.29,0.43,0.43,-0.09,-0.07,0.28,0.30,0.34,0.27
31,EVmutation_prediction_independent,,,,,,,,,,,,,,,,,,,,,,,,,,,,,,,,,,,,,,,,,,,,,,,,,,,0.11,0.15,-0.05,-0.04,0.42,0.42,-0.09,-0.11,0.36,0.40,0.13,0.17,0.27,0.27,0.13,0.25,0.47,0.48,0.25,0.22,0.31,0.31,0.33,0.27,-0.02,-0.02,0.09,0.12,0.31,0.31,0.39,0.36,0.05,0.02,0.30,0.28,0.59,0.59,0.37,0.37,0.41,0.48,-0.12,-0.11,0.45,0.52,0.40,0.35,0.17,0.17,0.25,0.27,0.24,0.19,-0.20,-0.20,-0.41,-0.39,0.15,0.15,0.47,0.47,-0.58,-0.63,0.67,0.67,0.68,0.66,0.12,0.19,0.24,0.25,0.17,0.19,-0.18,-0.07,0.42,0.42,0.52,0.51,0.27,0.33,0.63,0.59,-0.12,-0.15,0.14,0.14,0.17,0.20,0.37,0.36,-0.13,-0.03,0.28,0.32,0.37,0.29
32,GEMME_GEMME_score,,,,,,,,,,,,,,,,,,,,,,,,,,,,,,,,,,,,,,,,,,,,,,,,,,,0.09,0.10,-0.17,-0.10,0.65,0.66,0.41,0.43,0.42,0.44,0.19,0.22,0.25,0.25,0.07,0.20,0.50,0.50,0.28,0.34,0.26,0.25,0.34,0.32,-0.10,-0.08,0.04,0.08,0.39,0.42,0.38,0.36,0.10,0.13,0.21,0.19,0.57,0.58,0.36,0.36,0.47,0.54,-0.14,-0.03,0.32,0.38,0.24,0.19,0.32,0.33,0.26,0.28,0.46,0.20,0.04,0.04,-0.25,-0.15,0.22,0.22,0.33,0.33,-0.24,-0.31,0.61,0.61,0.34,0.45,0.04,0.02,0.19,0.21,0.15,0.14,-0.07,0.02,0.43,0.50,0.44,0.46,0.29,0.35,0.55,0.55,-0.13,-0.12,-0.10,-0.10,0.31,0.32,0.44,0.43,-0.03,0.01,0.35,0.36,0.30,0.22
33,MIF_mif_mif_score,,,,,,,,,,,,,,,,,,,,,,,,,,,,,,,,,,,,,,,,,,,,,,,,,,,-0.03,-0.04,0.47,0.42,0.54,0.54,0.49,0.50,0.28,0.28,-0.17,-0.15,0.44,0.44,0.27,0.26,0.27,0.28,-0.08,-0.08,0.38,0.39,0.41,0.38,0.17,0.17,0.39,0.43,0.28,0.29,0.35,0.38,0.27,0.32,0.26,0.24,0.51,0.51,0.48,0.47,0.51,0.56,0.11,0.19,0.22,0.24,0.10,0.15,0.29,0.32,0.53,0.51,0.58,0.34,0.20,0.20,-0.40,-0.38,0.17,0.17,0.30,0.30,-0.12,-0.19,0.46,0.46,0.09,0.17,-0.05,0.14,0.15,0.17,0.26,0.27,-0.27,-0.17,0.26,0.35,-0.15,-0.13,0.47,0.53,0.54,0.50,0.21,0.10,-0.05,-0.05,0.34,0.34,0.56,0.55,0.38,0.43,0.39,0.44,0.33,0.36
34,MIF_mifst_mifst_score,,,,,,,,,,,,,,,,,,,,,,,,,,,,,,,,,,,,,,,,,,,,,,,,,,,-0.28,-0.32,0.20,0.26,0.57,0.58,0.03,0.04,0.26,0.28,0.06,0.07,0.37,0.37,0.28,0.29,0.39,0.37,-0.04,-0.08,0.25,0.24,0.42,0.35,-0.03,-0.03,0.36,0.40,-0.01,-0.02,0.51,0.50,0.33,0.37,0.20,0.19,0.48,0.48,0.45,0.44,0.46,0.50,0.03,0.11,0.28,0.37,-0.26,-0.21,0.31,0.33,0.64,0.58,0.69,0.38,0.27,0.27,-0.34,-0.31,0.54,0.54,0.19,0.19,-0.03,-0.10,0.59,0.59,0.10,0.17,-0.19,0.04,0.11,0.12,0.26,0.28,-0.16,-0.03,0.21,0.30,0.43,0.45,0.35,0.38,0.41,0.40,-0.04,-0.06,-0.20,-0.20,0.23,0.24,0.62,0.60,0.08,0.14,0.23,0.28,0.43,0.44
35,MSA_Transformer_esm_msa1b_t12_100M_UR50S_seed1,,,,,,,,,,,,,,,,,,,,,,,,,,,,,,,,,,,,,,,,,,,,,,,,,,,-0.19,-0.25,0.06,0.04,0.26,0.26,0.62,0.64,0.37,0.39,0.21,0.21,0.12,0.12,0.20,0.28,0.53,0.54,0.21,0.25,0.17,0.15,0.20,0.16,-0.00,0.01,-0.04,-0.00,0.24,0.25,0.16,0.16,0.36,0.35,0.11,0.10,0.46,0.47,0.28,0.27,0.52,0.58,-0.14,-0.04,0.28,0.38,0.24,0.20,0.22,0.21,0.28,0.28,0.52,0.20,-0.26,-0.26,-0.34,-0.34,0.05,0.05,0.49,0.49,-0.42,-0.38,0.58,0.58,-0.35,-0.23,0.10,0.13,-0.27,-0.26,0.16,0.16,-0.14,-0.01,0.39,0.44,0.19,0.22,0.33,0.41,0.63,0.59,-0.15,-0.21,-0.07,-0.07,0.10,0.10,0.29,0.29,-0.13,-0.08,-0.04,-0.01,0.24,0.19
36,MSA_Transformer_esm_msa1b_t12_100M_UR50S_seed2,,,,,,,,,,,,,,,,,,,,,,,,,,,,,,,,,,,,,,,,,,,,,,,,,,,-0.16,-0.21,0.09,0.08,0.28,0.28,0.62,0.63,0.33,0.35,0.12,0.14,0.10,0.10,0.21,0.31,0.59,0.60,0.21,0.24,0.28,0.26,0.36,0.29,0.06,0.10,0.22,0.26,0.20,0.21,0.48,0.45,0.32,0.29,0.13,0.11,0.46,0.46,0.24,0.23,0.49,0.55,-0.13,-0.02,0.25,0.37,0.17,0.15,0.28,0.28,0.28,0.28,0.25,0.10,-0.29,-0.29,-0.37,-0.33,-0.04,-0.04,0.48,0.48,-0.34,-0.26,0.54,0.54,-0.34,-0.24,0.15,0.17,-0.24,-0.23,0.17,0.17,-0.19,-0.07,0.42,0.47,-0.07,-0.04,0.33,0.41,0.57,0.55,-0.14,-0.21,-0.07,-0.07,0.12,0.13,0.39,0.39,-0.12,-0.07,0.03,0.07,0.25,0.12
37,MSA_Transformer_esm_msa1b_t12_100M_UR50S_seed3,,,,,,,,,,,,,,,,,,,,,,,,,,,,,,,,,,,,,,,,,,,,,,,,,,,-0.10,-0.14,0.03,0.03,0.36,0.37,0.59,0.60,0.32,0.35,0.05,0.06,0.13,0.13,0.14,0.24,0.51,0.52,0.17,0.20,0.22,0.20,0.43,0.38,-0.03,-0.01,0.19,0.22,0.33,0.34,0.45,0.41,0.37,0.34,0.19,0.17,0.44,0.44,0.24,0.24,0.54,0.60,-0.16,-0.05,0.17,0.28,0.22,0.21,0.29,0.28,0.22,0.24,0.27,0.10,-0.28,-0.28,-0.36,-0.34,-0.04,-0.04,0.46,0.46,-0.37,-0.35,0.49,0.49,-0.34,-0.23,0.10,0.11,-0.29,-0.28,0.16,0.15,-0.11,0.03,0.52,0.57,0.00,0.04,0.28,0.37,0.63,0.60,-0.17,-0.20,-0.16,-0.16,0.21,0.22,0.35,0.35,-0.08,-0.01,0.08,0.17,0.23,0.16
38,MSA_Transformer_esm_msa1b_t12_100M_UR50S_seed4,,,,,,,,,,,,,,,,,,,,,,,,,,,,,,,,,,,,,,,,,,,,,,,,,,,-0.16,-0.23,0.04,0.04,0.26,0.26,0.59,0.61,0.30,0.31,0.17,0.19,0.13,0.13,0.22,0.31,0.58,0.60,0.24,0.26,0.20,0.17,0.42,0.37,-0.01,0.01,0.21,0.24,0.25,0.25,0.52,0.49,0.38,0.35,0.14,0.12,0.45,0.45,0.21,0.20,0.55,0.61,-0.14,-0.03,0.25,0.37,0.41,0.35,0.47,0.48,0.29,0.29,0.44,0.20,-0.30,-0.29,-0.39,-0.35,-0.03,-0.03,0.56,0.56,-0.25,-0.24,0.61,0.61,-0.36,-0.24,0.07,0.12,-0.10,-0.09,0.18,0.18,-0.38,-0.27,0.44,0.49,0.05,0.09,0.40,0.47,0.61,0.57,-0.18,-0.20,-0.04,-0.04,0.17,0.18,0.45,0.45,-0.10,-0.05,0.09,0.15,0.22,0.13
39,MSA_Transformer_esm_msa1b_t12_100M_UR50S_seed5,,,,,,,,,,,,,,,,,,,,,,,,,,,,,,,,,,,,,,,,,,,,,,,,,,,-0.17,-0.23,0.06,0.07,0.35,0.35,0.58,0.60,0.32,0.34,0.26,0.27,0.12,0.12,0.25,0.33,0.57,0.57,0.25,0.30,0.26,0.24,0.28,0.23,0.01,0.04,0.15,0.17,0.19,0.21,0.34,0.32,0.40,0.37,0.24,0.21,0.43,0.43,0.25,0.24,0.56,0.61,-0.15,-0.04,0.37,0.48,0.26,0.24,0.42,0.42,0.22,0.22,0.27,0.11,-0.24,-0.24,-0.33,-0.34,-0.04,-0.04,0.47,0.47,-0.53,-0.54,0.56,0.56,-0.26,-0.18,0.06,0.07,-0.28,-0.27,0.16,0.16,-0.28,-0.22,0.49,0.54,-0.03,0.00,0.28,0.37,0.67,0.64,-0.13,-0.18,-0.04,-0.04,0.14,0.15,0.39,0.39,-0.10,-0.05,-0.04,-0.02,0.23,0.19
40,MSA_Transformer_esm_msa1b_t12_100M_UR50S_ensemble,,,,,,,,,,,,,,,,,,,,,,,,,,,,,,,,,,,,,,,,,,,,,,,,,,,-0.16,-0.22,0.05,0.05,0.31,0.31,0.62,0.63,0.33,0.35,0.16,0.17,0.12,0.12,0.21,0.30,0.56,0.57,0.23,0.26,0.22,0.20,0.36,0.31,0.00,0.03,0.16,0.19,0.26,0.27,0.42,0.39,0.37,0.35,0.17,0.15,0.46,0.46,0.25,0.24,0.54,0.60,-0.14,-0.03,0.27,0.38,0.28,0.25,0.34,0.34,0.27,0.28,0.35,0.13,-0.29,-0.28,-0.37,-0.36,-0.02,-0.02,0.51,0.51,-0.41,-0.37,0.56,0.56,-0.34,-0.22,0.10,0.12,-0.23,-0.22,0.17,0.16,-0.22,-0.10,0.46,0.51,0.03,0.06,0.32,0.41,0.63,0.59,-0.16,-0.21,-0.08,-0.08,0.16,0.17,0.38,0.38,-0.10,-0.05,0.02,0.07,0.24,0.16
41,MULAN_MULAN_small_MULAN_score,,,,,,,,,,,,,,,,,,,,,,,,,,,,,,,,,,,,,,,,,,,,,,,,,,,0.00,0.03,0.44,0.37,0.42,0.43,0.54,0.55,0.41,0.43,-0.07,-0.07,0.46,0.46,0.11,0.03,0.35,0.36,-0.12,-0.11,0.60,0.59,0.32,0.29,0.33,0.28,0.35,0.42,-0.11,-0.14,-0.09,-0.07,0.27,0.28,0.03,0.01,0.60,0.60,0.26,0.26,0.56,0.61,0.06,0.14,0.28,0.22,0.30,0.32,0.30,0.32,0.36,0.31,0.28,0.22,0.27,0.28,-0.27,-0.23,-0.26,-0.26,0.47,0.47,-0.04,-0.12,0.73,0.73,0.35,0.43,0.10,0.06,0.28,0.29,0.22,0.23,-0.18,-0.08,0.07,0.09,0.03,0.05,0.52,0.58,0.28,0.26,0.44,0.33,0.03,0.03,0.23,0.26,0.54,0.55,0.31,0.33,0.26,0.25,0.07,0.03
42,PoET_PoET_score,,,,,,,,,,,,,,,,,,,,,,,,,,,,,,,,,,,,,,,,,,,,,,,,,,,-0.11,-0.17,-0.07,-0.05,0.33,0.34,0.59,0.61,0.33,0.34,0.36,0.39,0.22,0.22,0.27,0.36,0.52,0.52,0.35,0.36,0.32,0.31,0.39,0.35,-0.02,0.01,-0.00,0.04,0.25,0.26,0.41,0.38,0.46,0.44,0.22,0.20,0.46,0.46,0.28,0.27,0.58,0.62,-0.18,-0.07,0.46,0.51,0.25,0.26,0.37,0.37,0.40,0.40,0.61,0.38,0.01,0.01,-0.35,-0.30,0.48,0.48,0.48,0.48,-0.29,-0.31,0.50,0.50,0.37,0.45,0.32,0.30,-0.04,-0.03,0.06,0.05,-0.03,0.04,0.49,0.55,0.39,0.38,0.21,0.30,0.61,0.57,0.13,0.10,-0.05,-0.05,0.22,0.22,0.41,0.42,0.01,0.09,0.02,0.05,0.17,0.18
43,Progen2_base_Progen2_score,,,,,,,,,,,,,,,,,,,,,,,,,,,,,,,,,,,,,,,,,,,,,,,,,,,-0.45,-0.51,-0.09,-0.09,0.07,0.09,0.51,0.53,0.20,0.24,0.24,0.27,0.18,0.18,0.08,0.08,0.53,0.55,0.11,0.16,-0.04,-0.06,0.26,0.24,-0.00,-0.02,0.27,0.30,-0.31,-0.32,-0.09,-0.05,0.24,0.25,0.22,0.20,0.31,0.31,0.23,0.23,0.49,0.54,-0.12,-0.01,0.15,0.30,-0.19,-0.09,-0.03,-0.01,0.26,0.25,0.51,0.18,-0.09,-0.09,-0.40,-0.38,-0.60,-0.60,0.15,0.15,-0.55,-0.51,0.57,0.57,0.25,0.33,0.09,0.12,-0.05,-0.05,-0.20,-0.20,-0.29,-0.20,0.53,0.58,0.40,0.37,0.13,0.19,0.49,0.47,0.38,0.27,-0.74,-0.74,0.07,0.07,0.27,0.28,-0.14,-0.04,-0.02,0.01,0.26,0.30
44,Progen2_large_Progen2_score,,,,,,,,,,,,,,,,,,,,,,,,,,,,,,,,,,,,,,,,,,,,,,,,,,,-0.41,-0.49,-0.07,-0.08,0.36,0.37,0.49,0.53,0.33,0.35,0.15,0.18,0.20,0.20,0.01,-0.01,0.59,0.59,-0.01,0.01,0.07,0.05,0.14,0.12,-0.07,-0.10,0.12,0.14,-0.15,-0.16,-0.01,0.03,0.17,0.18,0.06,0.04,0.38,0.38,0.19,0.19,0.62,0.65,-0.12,-0.01,0.28,0.40,-0.19,-0.17,-0.14,-0.12,0.27,0.27,0.46,0.24,0.30,0.30,-0.38,-0.37,-0.38,-0.38,0.22,0.22,-0.66,-0.63,0.41,0.41,0.40,0.47,-0.04,0.03,-0.44,-0.44,-0.07,-0.09,-0.12,-0.00,0.36,0.42,0.31,0.29,0.14,0.18,0.41,0.40,0.26,0.07,-0.68,-0.68,0.05,0.03,0.34,0.36,-0.10,-0.01,0.05,0.03,0.21,0.18
45,Progen2_medium_Progen2_score,,,,,,,,,,,,,,,,,,,,,,,,,,,,,,,,,,,,,,,,,,,,,,,,,,,-0.56,-0.64,-0.13,-0.13,0.22,0.23,0.64,0.65,0.13,0.14,0.25,0.28,0.33,0.33,0.11,0.10,0.60,0.61,0.06,0.08,-0.00,-0.02,0.32,0.30,-0.05,-0.06,0.24,0.29,-0.25,-0.26,-0.09,-0.05,0.15,0.17,0.19,0.16,0.39,0.39,0.19,0.19,0.41,0.47,-0.19,-0.07,0.28,0.34,-0.02,0.03,-0.09,-0.07,0.34,0.32,0.42,0.16,-0.30,-0.30,-0.40,-0.39,-0.44,-0.44,0.22,0.22,-0.50,-0.50,0.49,0.49,0.30,0.39,0.08,0.19,-0.52,-0.52,-0.27,-0.27,-0.27,-0.19,0.44,0.50,0.38,0.34,0.12,0.15,0.33,0.29,0.32,0.13,-0.53,-0.53,0.14,0.13,0.26,0.27,0.08,0.19,-0.05,-0.02,0.22,0.23
46,Progen2_small_Progen2_score,,,,,,,,,,,,,,,,,,,,,,,,,,,,,,,,,,,,,,,,,,,,,,,,,,,-0.49,-0.55,-0.17,-0.20,-0.11,-0.11,0.58,0.61,-0.02,0.01,0.29,0.32,0.40,0.40,-0.05,-0.06,0.55,0.56,0.12,0.15,0.04,0.01,-0.03,-0.05,-0.20,-0.22,0.18,0.21,-0.13,-0.15,-0.06,-0.03,0.23,0.23,0.16,0.14,0.34,0.34,-0.07,-0.08,0.25,0.32,-0.18,-0.07,0.12,0.27,0.11,0.13,0.05,0.05,0.16,0.18,0.51,0.18,0.13,0.12,-0.42,-0.40,-0.54,-0.54,0.30,0.30,-0.41,-0.42,0.45,0.45,0.56,0.54,0.18,0.18,-0.17,-0.17,-0.25,-0.25,-0.29,-0.19,0.45,0.48,0.33,0.31,0.09,0.14,0.25,0.22,0.36,0.17,-0.57,-0.57,0.12,0.10,0.30,0.31,-0.26,-0.23,-0.05,-0.02,0.19,0.23
47,Progen2_xlarge_Progen2_score,,,,,,,,,,,,,,,,,,,,,,,,,,,,,,,,,,,,,,,,,,,,,,,,,,,-0.40,-0.47,-0.20,-0.18,0.36,0.37,0.48,0.51,0.44,0.45,0.21,0.23,0.17,0.17,0.19,0.27,0.59,0.60,0.04,0.06,0.17,0.15,0.20,0.18,-0.15,-0.18,0.10,0.15,-0.24,-0.24,0.40,0.38,0.15,0.18,0.17,0.15,0.38,0.38,0.19,0.18,0.30,0.35,-0.09,0.02,0.46,0.50,0.00,0.04,0.11,0.13,0.30,0.28,0.63,0.33,-0.15,-0.15,-0.40,-0.40,0.55,0.55,0.26,0.26,-0.53,-0.52,0.50,0.50,0.17,0.24,0.12,0.06,-0.52,-0.52,0.14,0.13,-0.01,0.13,0.43,0.50,0.40,0.38,0.07,0.11,0.35,0.33,0.43,0.29,-0.69,-0.69,0.08,0.06,0.28,0.30,0.01,0.12,-0.04,-0.05,0.30,0.26
48,ProSST_ProSST-1024_ProSST-1024,,,,,,,,,,,,,,,,,,,,,,,,,,,,,,,,,,,,,,,,,,,,,,,,,,,0.31,0.36,0.01,0.13,0.25,0.27,0.66,0.66,0.71,0.70,0.25,0.30,0.38,0.38,0.35,0.33,0.57,0.59,0.36,0.38,0.46,0.46,0.46,0.45,0.02,0.02,0.46,0.52,0.48,0.50,0.51,0.50,0.61,0.55,0.09,0.08,0.64,0.64,0.65,0.65,0.55,0.61,0.18,0.25,0.54,0.58,0.48,0.45,0.73,0.75,0.66,0.65,0.38,0.15,0.59,0.58,-0.33,-0.22,0.50,0.50,0.70,0.70,0.10,-0.04,0.67,0.67,0.43,0.43,0.24,0.39,0.43,0.44,-0.08,-0.04,0.45,0.54,0.54,0.61,0.39,0.43,0.48,0.54,0.66,0.66,0.39,0.28,0.33,0.33,0.28,0.29,0.44,0.40,0.70,0.75,0.50,0.55,0.50,0.53
49,ProSST_ProSST-128_ProSST-128,,,,,,,,,,,,,,,,,,,,,,,,,,,,,,,,,,,,,,,,,,,,,,,,,,,0.13,0.14,0.40,0.30,0.26,0.28,0.62,0.64,0.62,0.61,0.18,0.22,0.43,0.43,0.59,0.59,0.56,0.58,0.13,0.11,0.51,0.52,0.31,0.26,0.08,0.08,0.59,0.63,0.57,0.59,0.47,0.49,0.50,0.46,0.28,0.26,0.55,0.55,0.42,0.41,0.67,0.71,0.21,0.31,0.39,0.52,0.35,0.32,0.64,0.65,0.64,0.61,0.32,0.17,0.53,0.52,-0.31,-0.20,0.45,0.45,0.40,0.40,0.41,0.40,0.73,0.73,0.30,0.38,0.22,0.39,0.13,0.14,0.10,0.12,0.53,0.61,0.31,0.30,0.37,0.39,0.31,0.40,0.70,0.68,0.46,0.33,0.32,0.32,0.20,0.19,0.68,0.66,0.64,0.70,0.45,0.49,0.42,0.43
50,ProSST_ProSST-20_ProSST-20,,,,,,,,,,,,,,,,,,,,,,,,,,,,,,,,,,,,,,,,,,,,,,,,,,,0.27,0.35,0.22,0.14,0.10,0.12,0.63,0.63,0.49,0.50,-0.19,-0.16,0.55,0.55,0.13,0.04,0.61,0.62,0.11,0.14,0.38,0.39,-0.16,-0.16,0.42,0.42,0.46,0.53,0.15,0.18,0.11,0.15,0.34,0.31,0.24,0.24,0.60,0.60,0.48,0.48,0.63,0.68,0.27,0.27,0.43,0.48,0.47,0.44,0.72,0.73,0.59,0.58,0.42,0.14,0.59,0.58,-0.30,-0.19,0.70,0.70,0.12,0.12,0.05,-0.04,0.59,0.59,0.45,0.43,0.40,0.32,0.49,0.50,-0.11,-0.10,0.48,0.56,0.37,0.43,0.31,0.32,0.43,0.48,0.72,0.70,0.50,0.39,0.40,0.40,0.24,0.23,0.66,0.66,0.56,0.62,0.41,0.45,0.44,0.45
51,ProSST_ProSST-2048_ProSST-2048,,,,,,,,,,,,,,,,,,,,,,,,,,,,,,,,,,,,,,,,,,,,,,,,,,,0.18,0.20,0.11,0.20,0.58,0.59,0.70,0.70,0.58,0.58,0.08,0.10,0.56,0.56,0.54,0.56,0.60,0.63,0.36,0.40,0.43,0.42,0.44,0.44,-0.14,-0.11,0.39,0.46,0.45,0.48,0.51,0.50,0.70,0.68,0.24,0.23,0.67,0.67,0.44,0.43,0.61,0.65,0.07,0.15,0.39,0.45,0.05,0.07,0.71,0.73,0.59,0.57,0.13,0.03,0.41,0.41,-0.39,-0.28,0.72,0.72,0.37,0.37,0.23,0.21,0.73,0.73,0.01,0.17,0.17,0.27,0.38,0.39,0.13,0.14,0.19,0.32,0.60,0.64,-0.05,-0.00,0.56,0.61,0.63,0.61,-0.11,-0.15,0.06,0.06,0.29,0.30,0.56,0.56,0.56,0.63,0.57,0.59,0.42,0.39
52,ProSST_ProSST-4096_ProSST-4096,,,,,,,,,,,,,,,,,,,,,,,,,,,,,,,,,,,,,,,,,,,,,,,,,,,0.39,0.44,-0.03,0.07,0.51,0.52,0.67,0.69,0.60,0.60,0.12,0.15,0.32,0.32,0.48,0.51,0.59,0.61,0.36,0.40,0.40,0.42,0.42,0.38,0.03,0.07,0.36,0.42,0.45,0.48,0.57,0.54,0.58,0.57,0.34,0.32,0.60,0.60,0.58,0.58,0.52,0.58,0.06,0.15,0.40,0.51,0.06,0.07,0.71,0.73,0.61,0.59,0.56,0.28,0.42,0.41,-0.23,-0.17,0.54,0.54,0.39,0.39,0.32,0.23,0.62,0.62,0.50,0.56,0.26,0.38,0.44,0.45,0.24,0.26,0.60,0.66,0.58,0.64,-0.08,-0.04,0.28,0.38,0.63,0.63,0.47,0.35,0.33,0.33,0.23,0.24,0.43,0.43,0.67,0.72,0.52,0.54,0.50,0.47
53,ProSST_ProSST-512_ProSST-512,,,,,,,,,,,,,,,,,,,,,,,,,,,,,,,,,,,,,,,,,,,,,,,,,,,0.30,0.35,0.30,0.13,0.26,0.28,0.64,0.65,0.59,0.58,0.24,0.29,0.45,0.45,0.17,0.13,0.60,0.61,0.33,0.37,0.44,0.45,0.47,0.43,-0.08,-0.05,0.40,0.45,0.56,0.57,0.61,0.57,0.57,0.55,0.26,0.26,0.60,0.60,0.51,0.51,0.57,0.63,0.26,0.35,0.34,0.46,0.37,0.32,0.76,0.77,0.65,0.63,0.25,0.13,0.49,0.48,-0.23,-0.11,0.18,0.18,0.38,0.38,0.26,0.19,0.70,0.70,0.44,0.47,0.18,0.33,0.40,0.41,0.05,0.08,0.62,0.67,0.39,0.43,0.50,0.50,0.23,0.33,0.38,0.39,0.36,0.29,0.23,0.23,0.20,0.18,0.62,0.62,0.64,0.70,0.52,0.58,0.49,0.47
54,ProteinMPNN_pmpnn_ll,,,,,,,,,,,,,,,,,,,,,,,,,,,,,,,,,,,,,,,,,,,,,,,,,,,-0.00,0.04,0.39,0.34,0.34,0.35,0.21,0.22,0.22,0.23,0.22,0.26,0.45,0.45,0.26,0.26,0.33,0.34,0.13,0.11,0.19,0.18,0.37,0.36,0.19,0.19,0.29,0.31,-0.01,-0.01,0.33,0.31,0.22,0.25,0.28,0.26,0.48,0.48,0.41,0.40,0.59,0.62,0.05,0.14,0.22,0.26,0.38,0.38,0.39,0.42,0.52,0.51,0.58,0.51,0.19,0.19,-0.19,-0.16,0.49,0.49,0.23,0.23,0.16,0.09,0.32,0.32,0.26,0.24,0.40,0.50,0.13,0.14,0.16,0.17,0.01,0.06,0.38,0.44,0.53,0.51,0.33,0.36,0.67,0.63,0.12,0.03,0.01,0.01,0.18,0.19,0.32,0.32,0.56,0.59,0.34,0.40,0.31,0.36
55,ProtGPT2_ProtGPT2_score,,,,,,,,,,,,,,,,,,,,,,,,,,,,,,,,,,,,,,,,,,,,,,,,,,,-0.30,-0.35,-0.13,-0.14,0.05,0.06,0.31,0.32,0.09,0.09,0.27,0.30,0.01,0.01,0.26,0.26,0.50,0.50,-0.10,-0.15,0.36,0.34,0.04,-0.01,-0.02,-0.00,0.07,0.12,-0.19,-0.19,0.51,0.47,0.02,0.01,0.26,0.26,0.42,0.42,0.23,0.23,0.43,0.48,0.17,0.26,0.11,0.23,-0.00,0.01,0.15,0.15,0.35,0.30,0.47,0.35,-0.03,-0.04,-0.11,-0.15,-0.34,-0.34,0.19,0.19,0.05,0.02,0.46,0.46,0.31,0.38,0.20,0.25,0.07,0.06,-0.16,-0.16,-0.30,-0.25,0.36,0.45,0.43,0.40,0.07,0.15,0.62,0.63,0.14,0.06,-0.31,-0.31,0.30,0.27,0.02,0.04,-0.03,-0.07,-0.09,-0.07,0.24,0.20
56,ProtSSN_ProtSSN_k10_h512,,,,,,,,,,,,,,,,,,,,,,,,,,,,,,,,,,,,,,,,,,,,,,,,,,,0.20,0.19,-0.10,-0.10,0.24,0.25,0.43,0.45,0.33,0.36,0.40,0.42,0.42,0.42,0.45,0.53,0.05,0.06,0.29,0.33,0.19,0.16,0.42,0.37,-0.00,0.02,0.30,0.37,-0.09,-0.11,0.62,0.60,0.52,0.50,0.21,0.19,0.53,0.53,0.32,0.32,0.64,0.66,0.01,0.10,0.29,0.44,0.30,0.27,0.53,0.54,0.31,0.33,0.41,0.20,0.20,0.20,-0.30,-0.15,0.12,0.12,0.52,0.52,0.06,0.09,0.70,0.70,0.32,0.32,-0.02,0.03,0.21,0.22,-0.01,0.03,-0.34,-0.26,0.53,0.59,0.37,0.35,0.38,0.47,0.64,0.62,-0.18,-0.16,0.13,0.13,0.13,0.17,0.45,0.43,0.02,0.09,-0.06,-0.09,0.43,0.40
57,ProtSSN_ProtSSN_k20_h512,,,,,,,,,,,,,,,,,,,,,,,,,,,,,,,,,,,,,,,,,,,,,,,,,,,0.04,-0.01,-0.03,0.01,0.33,0.34,0.59,0.60,0.30,0.33,0.33,0.35,0.46,0.46,0.46,0.53,0.21,0.24,0.26,0.31,0.31,0.29,0.45,0.39,0.03,0.06,0.29,0.35,-0.10,-0.11,0.22,0.25,0.52,0.52,0.25,0.23,0.54,0.54,0.26,0.26,0.63,0.66,0.01,0.09,0.34,0.45,0.35,0.31,0.67,0.67,0.36,0.40,0.49,0.32,0.30,0.29,-0.29,-0.19,0.02,0.02,0.44,0.44,0.15,0.10,0.60,0.60,0.02,0.13,-0.05,-0.00,0.19,0.21,-0.00,0.03,-0.43,-0.28,0.51,0.57,0.38,0.38,0.43,0.50,0.64,0.61,-0.06,-0.09,0.05,0.05,0.24,0.24,0.51,0.50,-0.02,0.00,0.06,0.02,0.41,0.36
58,ProtSSN_ProtSSN_k30_h512,,,,,,,,,,,,,,,,,,,,,,,,,,,,,,,,,,,,,,,,,,,,,,,,,,,0.01,-0.01,-0.05,-0.01,0.16,0.17,0.65,0.66,0.31,0.34,0.34,0.35,0.42,0.42,0.41,0.49,0.15,0.17,0.17,0.23,0.20,0.18,0.42,0.38,0.15,0.16,0.24,0.31,-0.09,-0.11,0.40,0.41,0.52,0.52,0.20,0.18,0.52,0.52,0.24,0.24,0.67,0.70,0.02,0.11,0.37,0.49,0.35,0.33,0.59,0.59,0.50,0.49,0.52,0.32,0.18,0.18,-0.36,-0.28,-0.02,-0.02,0.47,0.47,0.03,-0.01,0.68,0.68,0.25,0.24,-0.09,-0.07,0.13,0.15,-0.06,-0.04,-0.35,-0.22,0.50,0.56,0.35,0.34,0.23,0.33,0.62,0.59,-0.10,-0.10,0.11,0.11,0.14,0.15,0.49,0.49,-0.05,-0.01,0.12,0.08,0.38,0.36
59,ProtSSN_ProtSSN_k10_h768,,,,,,,,,,,,,,,,,,,,,,,,,,,,,,,,,,,,,,,,,,,,,,,,,,,-0.02,-0.05,-0.08,-0.08,0.25,0.26,0.50,0.51,0.30,0.32,0.18,0.21,0.36,0.36,0.33,0.39,0.01,0.02,0.24,0.28,0.29,0.27,0.43,0.39,0.09,0.10,0.28,0.33,-0.12,-0.15,0.31,0.35,0.51,0.50,0.19,0.17,0.53,0.53,0.27,0.26,0.64,0.68,0.02,0.11,0.39,0.49,0.33,0.32,0.54,0.55,0.43,0.45,0.54,0.41,0.23,0.22,-0.24,-0.14,0.05,0.05,0.50,0.50,0.01,0.00,0.67,0.67,0.08,0.20,0.02,0.15,0.19,0.21,-0.01,0.02,-0.30,-0.20,0.51,0.57,0.38,0.37,0.44,0.50,0.62,0.59,-0.11,-0.11,0.13,0.13,0.21,0.22,0.45,0.43,-0.02,0.02,0.09,0.08,0.25,0.28
60,ProtSSN_ProtSSN_k20_h768,,,,,,,,,,,,,,,,,,,,,,,,,,,,,,,,,,,,,,,,,,,,,,,,,,,0.02,-0.02,-0.05,-0.01,0.23,0.24,0.69,0.69,0.35,0.37,0.44,0.45,0.51,0.51,0.33,0.39,0.19,0.21,0.22,0.27,0.35,0.34,0.46,0.42,0.06,0.09,0.31,0.38,-0.13,-0.14,0.38,0.39,0.54,0.53,0.36,0.34,0.52,0.52,0.21,0.21,0.65,0.69,0.01,0.09,0.35,0.43,0.40,0.38,0.62,0.62,0.54,0.51,0.51,0.31,0.30,0.29,-0.32,-0.19,0.02,0.02,0.56,0.56,0.19,0.18,0.55,0.55,0.10,0.10,-0.13,-0.07,0.15,0.17,-0.03,-0.01,-0.28,-0.15,0.55,0.60,0.47,0.46,0.40,0.48,0.64,0.61,-0.01,-0.04,0.04,0.04,0.24,0.24,0.48,0.47,-0.02,0.01,-0.08,-0.09,0.43,0.40
61,ProtSSN_ProtSSN_k30_h768,,,,,,,,,,,,,,,,,,,,,,,,,,,,,,,,,,,,,,,,,,,,,,,,,,,-0.01,-0.01,-0.05,-0.02,0.23,0.24,0.61,0.62,0.32,0.35,0.49,0.50,0.50,0.50,0.47,0.53,0.19,0.21,0.23,0.28,0.26,0.24,0.42,0.36,0.10,0.13,0.28,0.35,-0.09,-0.11,0.52,0.52,0.51,0.51,0.17,0.15,0.53,0.53,0.20,0.20,0.65,0.68,0.03,0.12,0.40,0.46,0.39,0.36,0.65,0.66,0.37,0.37,0.49,0.27,0.31,0.30,-0.32,-0.21,0.01,0.01,0.53,0.53,-0.10,-0.06,0.63,0.63,0.15,0.18,-0.13,-0.10,0.14,0.16,-0.09,-0.07,-0.28,-0.20,0.48,0.54,0.35,0.36,0.34,0.42,0.65,0.62,-0.13,-0.13,0.25,0.25,0.20,0.20,0.50,0.49,-0.04,0.00,0.17,0.18,0.38,0.33
62,ProtSSN_ProtSSN_k10_h1280,,,,,,,,,,,,,,,,,,,,,,,,,,,,,,,,,,,,,,,,,,,,,,,,,,,-0.21,-0.31,-0.02,-0.01,0.28,0.29,0.56,0.57,0.38,0.40,0.38,0.40,0.38,0.38,0.29,0.33,0.03,0.02,0.24,0.30,0.23,0.21,0.44,0.40,-0.05,-0.03,0.30,0.35,-0.17,-0.17,0.55,0.56,0.58,0.57,0.20,0.18,0.51,0.51,0.19,0.19,0.63,0.66,-0.00,0.09,0.34,0.47,0.27,0.26,0.46,0.47,0.29,0.31,0.54,0.33,0.26,0.25,-0.32,-0.24,-0.07,-0.07,0.31,0.31,-0.14,-0.18,0.65,0.65,-0.08,0.02,-0.09,-0.07,0.05,0.07,-0.08,-0.07,-0.41,-0.30,0.52,0.57,0.36,0.35,0.21,0.31,0.57,0.54,-0.18,-0.16,-0.03,-0.03,0.19,0.19,0.53,0.52,-0.01,0.05,-0.09,-0.08,0.34,0.30
63,ProtSSN_ProtSSN_k20_h1280,,,,,,,,,,,,,,,,,,,,,,,,,,,,,,,,,,,,,,,,,,,,,,,,,,,0.02,0.00,-0.01,-0.00,0.29,0.30,0.57,0.58,0.42,0.44,0.31,0.33,0.42,0.42,0.44,0.51,0.27,0.30,0.29,0.34,0.19,0.16,0.46,0.41,0.12,0.14,0.28,0.34,-0.09,-0.10,0.26,0.29,0.56,0.55,0.22,0.20,0.56,0.56,0.15,0.15,0.61,0.65,0.02,0.11,0.36,0.45,0.39,0.39,0.64,0.64,0.44,0.43,0.53,0.24,0.22,0.22,-0.33,-0.20,0.09,0.09,0.53,0.53,0.00,0.03,0.43,0.43,0.20,0.19,0.01,0.00,0.11,0.13,-0.06,-0.03,-0.33,-0.24,0.52,0.57,0.40,0.38,0.32,0.40,0.66,0.64,-0.16,-0.20,0.00,0.00,0.20,0.20,0.54,0.54,-0.00,0.03,0.07,0.06,0.42,0.37
64,ProtSSN_ProtSSN_k30_h1280,,,,,,,,,,,,,,,,,,,,,,,,,,,,,,,,,,,,,,,,,,,,,,,,,,,0.03,0.02,0.00,0.04,0.21,0.22,0.65,0.66,0.31,0.34,0.30,0.31,0.47,0.47,0.41,0.49,0.26,0.27,0.27,0.32,0.18,0.16,0.45,0.40,0.15,0.17,0.33,0.39,-0.04,-0.06,0.53,0.53,0.50,0.50,0.23,0.21,0.52,0.53,0.22,0.21,0.68,0.71,0.03,0.12,0.35,0.45,0.41,0.39,0.64,0.64,0.47,0.43,0.48,0.29,0.17,0.16,-0.36,-0.26,0.17,0.17,0.70,0.70,0.11,0.18,0.63,0.63,0.29,0.32,-0.05,-0.11,0.22,0.23,0.01,0.03,-0.42,-0.31,0.54,0.60,0.40,0.39,0.27,0.37,0.62,0.58,-0.19,-0.18,0.25,0.25,0.20,0.19,0.54,0.54,-0.06,-0.02,0.27,0.26,0.38,0.34
65,ProtSSN_ProtSSN_ensemble,,,,,,,,,,,,,,,,,,,,,,,,,,,,,,,,,,,,,,,,,,,,,,,,,,,0.02,-0.02,-0.04,-0.02,0.25,0.26,0.63,0.64,0.35,0.37,0.39,0.41,0.45,0.45,0.43,0.51,0.14,0.16,0.25,0.30,0.24,0.22,0.44,0.39,0.08,0.10,0.30,0.37,-0.10,-0.12,0.47,0.48,0.55,0.54,0.23,0.21,0.53,0.53,0.23,0.23,0.66,0.69,0.02,0.11,0.37,0.48,0.38,0.36,0.64,0.64,0.43,0.43,0.52,0.30,0.25,0.24,-0.33,-0.22,0.04,0.04,0.55,0.55,0.05,0.04,0.64,0.64,0.18,0.21,-0.06,-0.02,0.16,0.18,-0.05,-0.02,-0.36,-0.25,0.53,0.59,0.38,0.38,0.34,0.42,0.64,0.61,-0.14,-0.14,0.12,0.12,0.20,0.21,0.51,0.51,-0.01,0.02,0.07,0.05,0.40,0.37
66,RITA_large_RITA_score,,,,,,,,,,,,,,,,,,,,,,,,,,,,,,,,,,,,,,,,,,,,,,,,,,,-0.52,-0.59,-0.09,-0.08,-0.01,-0.00,0.60,0.61,0.25,0.27,0.27,0.29,0.25,0.25,0.04,0.06,0.64,0.66,0.06,0.05,0.00,-0.02,0.19,0.13,-0.02,-0.03,-0.19,-0.15,-0.18,-0.17,0.30,0.32,0.26,0.26,0.14,0.12,0.35,0.35,0.14,0.14,0.41,0.46,-0.10,0.01,0.19,0.27,-0.03,-0.02,-0.07,-0.05,0.31,0.29,0.48,0.19,0.27,0.27,-0.35,-0.28,-0.14,-0.14,0.20,0.20,-0.45,-0.47,0.44,0.44,0.52,0.50,-0.04,0.00,-0.34,-0.34,-0.19,-0.19,-0.20,-0.08,0.47,0.53,0.12,0.13,0.05,0.07,0.26,0.25,0.25,0.11,-0.64,-0.64,0.13,0.11,0.38,0.39,0.25,0.30,0.09,0.09,0.23,0.24
67,RITA_medium_RITA_score,,,,,,,,,,,,,,,,,,,,,,,,,,,,,,,,,,,,,,,,,,,,,,,,,,,-0.33,-0.39,-0.15,-0.14,0.10,0.10,0.61,0.62,0.01,0.05,0.30,0.32,0.23,0.23,0.08,0.06,0.56,0.57,0.14,0.13,-0.08,-0.10,0.01,-0.03,-0.05,-0.08,-0.12,-0.09,-0.19,-0.19,-0.14,-0.09,0.15,0.15,0.08,0.06,0.41,0.41,0.23,0.22,0.48,0.53,-0.09,0.01,0.26,0.33,-0.07,-0.01,-0.01,0.01,0.20,0.21,0.28,0.09,-0.05,-0.06,-0.31,-0.29,-0.39,-0.39,0.28,0.28,0.00,0.02,0.44,0.44,0.57,0.62,-0.07,-0.09,-0.21,-0.21,-0.18,-0.18,-0.52,-0.48,0.54,0.60,-0.03,-0.03,0.13,0.18,0.23,0.21,0.15,0.03,-0.65,-0.65,0.13,0.11,0.33,0.34,0.02,0.06,0.00,0.01,0.16,0.11
68,RITA_small_RITA_score,,,,,,,,,,,,,,,,,,,,,,,,,,,,,,,,,,,,,,,,,,,,,,,,,,,0.02,0.01,-0.14,-0.14,-0.13,-0.13,0.54,0.55,-0.22,-0.19,0.30,0.31,0.34,0.34,0.10,0.12,0.38,0.40,0.08,0.06,-0.04,-0.06,-0.03,-0.04,-0.28,-0.27,0.24,0.30,0.23,0.22,-0.12,-0.08,0.30,0.30,0.06,0.04,0.33,0.33,0.09,0.08,0.46,0.51,-0.06,0.03,0.01,0.17,0.05,0.10,0.03,0.04,-0.14,-0.13,0.45,0.30,0.35,0.34,-0.38,-0.33,-0.15,-0.15,0.20,0.20,-0.23,-0.22,0.39,0.39,0.57,0.54,0.14,0.08,-0.23,-0.23,-0.22,-0.21,-0.42,-0.37,0.43,0.47,-0.11,-0.06,0.19,0.23,-0.04,-0.02,0.17,0.09,-0.40,-0.40,-0.02,-0.06,0.30,0.31,0.11,0.12,0.01,0.02,0.11,0.15
69,RITA_xlarge_RITA_score,,,,,,,,,,,,,,,,,,,,,,,,,,,,,,,,,,,,,,,,,,,,,,,,,,,-0.49,-0.56,-0.17,-0.14,0.20,0.21,0.56,0.58,0.25,0.27,0.24,0.27,0.27,0.27,0.05,0.07,0.54,0.56,0.07,0.07,-0.01,-0.03,0.11,0.09,-0.06,-0.09,-0.24,-0.20,-0.10,-0.09,0.22,0.24,0.21,0.20,0.16,0.14,0.37,0.37,0.28,0.28,0.49,0.54,-0.16,-0.05,0.23,0.33,-0.16,-0.08,0.10,0.13,0.33,0.32,0.54,0.27,0.28,0.28,-0.38,-0.31,-0.32,-0.32,0.23,0.23,-0.37,-0.40,0.55,0.55,0.44,0.46,-0.08,-0.03,-0.20,-0.19,-0.03,-0.03,-0.39,-0.34,0.44,0.50,0.28,0.26,0.12,0.16,0.35,0.34,0.24,0.11,-0.71,-0.71,0.14,0.11,0.34,0.35,0.10,0.16,-0.07,-0.04,0.22,0.21
70,SaProt_SaProt_35M_AF2_SaProt_score,,,,,,,,,,,,,,,,,,,,,,,,,,,,,,,,,,,,,,,,,,,,,,,,,,,0.24,0.28,0.29,0.29,0.01,0.03,0.68,0.67,0.59,0.59,0.50,0.51,0.60,0.60,0.42,0.46,0.45,0.46,0.29,0.30,0.40,0.38,0.48,0.45,0.07,0.08,0.33,0.41,0.22,0.21,0.48,0.46,0.40,0.39,0.14,0.12,0.54,0.54,0.44,0.43,0.60,0.64,-0.00,0.09,0.38,0.48,0.29,0.29,0.65,0.67,0.69,0.67,0.42,0.25,0.23,0.22,-0.41,-0.40,0.57,0.57,0.45,0.45,-0.01,-0.07,0.78,0.78,0.57,0.57,0.32,0.44,0.17,0.19,0.12,0.13,-0.13,-0.03,0.32,0.36,0.49,0.50,0.49,0.55,0.66,0.63,0.20,0.18,0.32,0.32,0.15,0.14,0.40,0.41,0.68,0.73,0.60,0.62,0.48,0.52
71,SaProt_SaProt_650M_AF2_SaProt_score,,,,,,,,,,,,,,,,,,,,,,,,,,,,,,,,,,,,,,,,,,,,,,,,,,,-0.01,-0.03,0.08,0.15,0.37,0.38,0.54,0.55,0.40,0.42,0.31,0.31,0.32,0.32,0.36,0.45,0.38,0.36,0.35,0.39,0.34,0.33,0.47,0.42,0.06,0.09,0.46,0.52,0.24,0.24,0.67,0.64,0.54,0.53,0.13,0.12,0.53,0.53,0.27,0.26,0.67,0.71,0.12,0.21,0.39,0.44,0.03,0.07,0.58,0.60,0.31,0.34,0.59,0.47,0.21,0.20,-0.35,-0.29,0.22,0.22,0.37,0.37,-0.15,-0.21,0.60,0.60,0.24,0.28,0.17,0.35,0.20,0.22,0.23,0.25,-0.20,-0.12,0.45,0.51,0.59,0.61,0.14,0.21,0.66,0.63,-0.12,-0.10,-0.06,-0.06,0.28,0.29,0.60,0.60,0.15,0.23,0.38,0.43,0.28,0.25
72,TranceptEVE_TranceptEVE_L_avg_score_L_to_R,,,,,,,,,,,,,,,,,,,,,,,,,,,,,,,,,,,,,,,,,,,,,,,,,,,0.04,0.05,-0.09,-0.03,0.37,0.37,0.32,0.36,0.34,0.37,0.44,0.46,0.17,0.17,0.20,0.31,0.39,0.40,0.34,0.35,0.08,0.06,0.34,0.29,0.00,0.00,0.16,0.19,0.25,0.23,0.34,0.33,0.28,0.26,0.18,0.15,0.55,0.55,0.32,0.32,0.55,0.60,-0.12,-0.01,0.42,0.49,0.25,0.27,0.28,0.27,0.35,0.33,0.58,0.38,-0.14,-0.14,-0.37,-0.33,0.46,0.46,0.38,0.38,-0.40,-0.44,0.63,0.63,0.52,0.54,0.10,0.17,-0.17,-0.16,0.23,0.24,-0.20,-0.12,0.46,0.53,0.40,0.41,0.29,0.35,0.60,0.56,-0.00,-0.03,0.13,0.13,0.29,0.29,0.40,0.40,-0.00,0.09,0.16,0.21,0.35,0.27
73,TranceptEVE_TranceptEVE_L_avg_score_R_to_L,,,,,,,,,,,,,,,,,,,,,,,,,,,,,,,,,,,,,,,,,,,,,,,,,,,0.06,0.06,-0.09,-0.06,0.42,0.42,0.20,0.21,0.33,0.36,0.37,0.39,0.32,0.32,0.15,0.28,0.47,0.48,0.44,0.46,0.03,0.01,0.33,0.27,-0.01,0.01,0.11,0.14,0.35,0.33,0.41,0.39,0.26,0.24,0.12,0.10,0.48,0.48,0.27,0.27,0.58,0.63,-0.16,-0.06,0.39,0.47,0.22,0.21,0.28,0.27,0.40,0.38,0.63,0.46,-0.16,-0.16,-0.37,-0.30,0.28,0.28,0.50,0.50,-0.58,-0.54,0.51,0.51,0.54,0.56,0.10,0.14,-0.07,-0.07,0.25,0.25,-0.18,-0.08,0.48,0.55,0.46,0.45,0.24,0.29,0.57,0.53,-0.07,-0.08,-0.16,-0.16,0.15,0.15,0.29,0.30,0.02,0.12,0.10,0.14,0.34,0.27
74,TranceptEVE_TranceptEVE_L_avg_score,,,,,,,,,,,,,,,,,,,,,,,,,,,,,,,,,,,,,,,,,,,,,,,,,,,0.05,0.05,-0.09,-0.05,0.41,0.41,0.27,0.30,0.34,0.37,0.41,0.43,0.26,0.26,0.17,0.30,0.42,0.44,0.39,0.41,0.05,0.03,0.34,0.28,-0.00,0.01,0.14,0.17,0.31,0.28,0.37,0.36,0.28,0.25,0.15,0.13,0.52,0.52,0.31,0.31,0.57,0.62,-0.13,-0.03,0.41,0.48,0.24,0.25,0.28,0.27,0.38,0.36,0.61,0.43,-0.15,-0.15,-0.38,-0.32,0.37,0.37,0.44,0.44,-0.53,-0.52,0.59,0.59,0.54,0.55,0.10,0.15,-0.14,-0.13,0.24,0.25,-0.19,-0.10,0.47,0.54,0.43,0.44,0.26,0.32,0.59,0.55,-0.04,-0.05,-0.01,-0.01,0.20,0.20,0.33,0.34,0.00,0.10,0.13,0.18,0.35,0.28
75,TranceptEVE_TranceptEVE_M_avg_score_L_to_R,,,,,,,,,,,,,,,,,,,,,,,,,,,,,,,,,,,,,,,,,,,,,,,,,,,0.15,0.16,-0.07,-0.02,0.37,0.38,0.05,0.07,0.37,0.39,0.49,0.50,0.20,0.20,0.18,0.31,0.51,0.53,0.29,0.29,0.21,0.20,0.39,0.34,0.08,0.10,0.18,0.21,0.29,0.30,0.41,0.40,0.31,0.28,0.19,0.16,0.52,0.52,0.39,0.38,0.56,0.61,-0.11,-0.01,0.43,0.48,0.17,0.17,0.29,0.28,0.36,0.34,0.63,0.41,-0.09,-0.09,-0.35,-0.33,0.21,0.21,0.49,0.49,-0.34,-0.35,0.62,0.62,0.53,0.53,0.11,0.14,0.26,0.28,0.25,0.25,-0.21,-0.11,0.49,0.56,0.40,0.40,0.22,0.28,0.58,0.54,0.01,-0.03,0.24,0.24,0.33,0.35,0.39,0.38,0.05,0.12,0.19,0.24,0.37,0.31
76,TranceptEVE_TranceptEVE_M_avg_score_R_to_L,,,,,,,,,,,,,,,,,,,,,,,,,,,,,,,,,,,,,,,,,,,,,,,,,,,0.12,0.14,-0.13,-0.09,0.40,0.40,0.31,0.33,0.34,0.37,0.28,0.34,0.22,0.22,0.16,0.29,0.49,0.50,0.44,0.45,0.06,0.04,0.35,0.29,-0.11,-0.11,-0.02,0.02,0.30,0.29,0.32,0.32,0.29,0.28,0.17,0.15,0.48,0.48,0.30,0.30,0.58,0.63,-0.14,-0.04,0.39,0.48,0.25,0.24,0.31,0.29,0.35,0.34,0.63,0.40,-0.11,-0.11,-0.36,-0.29,0.31,0.31,0.54,0.54,-0.51,-0.56,0.59,0.59,0.45,0.48,0.11,0.13,0.26,0.28,0.26,0.27,-0.26,-0.20,0.48,0.56,0.50,0.50,0.28,0.32,0.60,0.56,-0.09,-0.12,0.09,0.09,0.29,0.29,0.39,0.40,0.03,0.14,0.23,0.26,0.32,0.24
77,TranceptEVE_TranceptEVE_M_avg_score,,,,,,,,,,,,,,,,,,,,,,,,,,,,,,,,,,,,,,,,,,,,,,,,,,,0.13,0.15,-0.10,-0.06,0.39,0.39,0.18,0.20,0.36,0.38,0.39,0.43,0.21,0.21,0.17,0.30,0.50,0.52,0.36,0.37,0.10,0.08,0.37,0.32,-0.03,-0.02,0.08,0.12,0.29,0.30,0.38,0.37,0.30,0.29,0.18,0.15,0.51,0.51,0.36,0.35,0.57,0.62,-0.11,-0.01,0.41,0.49,0.23,0.22,0.30,0.29,0.37,0.35,0.63,0.38,-0.10,-0.10,-0.36,-0.31,0.27,0.27,0.53,0.53,-0.46,-0.51,0.61,0.61,0.50,0.51,0.11,0.14,0.26,0.28,0.26,0.26,-0.24,-0.16,0.49,0.56,0.44,0.45,0.25,0.30,0.59,0.55,-0.05,-0.08,0.16,0.16,0.32,0.32,0.40,0.40,0.04,0.13,0.21,0.25,0.35,0.28
78,TranceptEVE_TranceptEVE_S_avg_score_L_to_R,,,,,,,,,,,,,,,,,,,,,,,,,,,,,,,,,,,,,,,,,,,,,,,,,,,0.15,0.17,-0.02,0.03,0.37,0.38,0.17,0.19,0.43,0.45,0.31,0.32,0.16,0.16,0.16,0.29,0.41,0.42,0.14,0.15,0.22,0.21,0.38,0.32,-0.09,-0.07,0.17,0.21,0.30,0.29,0.35,0.34,0.24,0.21,0.17,0.15,0.52,0.52,0.32,0.32,0.57,0.62,-0.09,0.01,0.39,0.50,0.36,0.34,0.27,0.25,0.34,0.34,0.65,0.42,-0.21,-0.21,-0.41,-0.38,0.18,0.18,0.53,0.53,-0.32,-0.37,0.51,0.51,0.53,0.52,0.02,0.05,0.28,0.29,0.25,0.25,-0.01,0.07,0.49,0.56,0.37,0.39,0.17,0.24,0.60,0.55,-0.02,-0.01,0.32,0.32,0.31,0.31,0.48,0.48,0.03,0.07,0.27,0.31,0.45,0.41
79,TranceptEVE_TranceptEVE_S_avg_score_R_to_L,,,,,,,,,,,,,,,,,,,,,,,,,,,,,,,,,,,,,,,,,,,,,,,,,,,0.13,0.14,-0.07,-0.03,0.35,0.35,0.27,0.29,0.38,0.41,0.33,0.37,0.10,0.10,0.14,0.26,0.45,0.45,0.46,0.49,0.08,0.06,0.35,0.29,-0.04,-0.03,0.16,0.19,0.35,0.35,0.42,0.40,0.38,0.38,0.15,0.13,0.49,0.49,0.30,0.29,0.53,0.59,-0.15,-0.04,0.45,0.53,0.33,0.31,0.29,0.28,0.36,0.34,0.67,0.48,-0.09,-0.09,-0.38,-0.33,0.15,0.15,0.45,0.45,-0.48,-0.52,0.49,0.49,0.55,0.57,0.05,0.11,0.25,0.26,0.26,0.26,-0.26,-0.20,0.48,0.54,0.49,0.50,0.24,0.28,0.59,0.56,-0.11,-0.09,-0.01,-0.01,0.31,0.30,0.40,0.40,-0.04,0.01,0.26,0.29,0.43,0.38
80,TranceptEVE_TranceptEVE_S_avg_score,,,,,,,,,,,,,,,,,,,,,,,,,,,,,,,,,,,,,,,,,,,,,,,,,,,0.14,0.16,-0.05,-0.01,0.36,0.37,0.21,0.24,0.41,0.43,0.35,0.36,0.13,0.13,0.15,0.27,0.43,0.44,0.34,0.36,0.12,0.10,0.37,0.31,-0.07,-0.05,0.16,0.20,0.32,0.32,0.39,0.38,0.31,0.30,0.16,0.14,0.51,0.51,0.31,0.31,0.55,0.60,-0.11,-0.01,0.43,0.51,0.35,0.33,0.28,0.27,0.35,0.34,0.67,0.46,-0.15,-0.15,-0.39,-0.35,0.16,0.16,0.50,0.50,-0.41,-0.47,0.50,0.50,0.55,0.56,0.04,0.08,0.26,0.28,0.25,0.26,-0.15,-0.08,0.49,0.56,0.43,0.45,0.20,0.26,0.60,0.56,-0.08,-0.06,0.16,0.16,0.31,0.31,0.44,0.45,0.00,0.04,0.27,0.31,0.45,0.40
81,Tranception_Tranception_L_avg_score_L_to_R,,,,,,,,,,,,,,,,,,,,,,,,,,,,,,,,,,,,,,,,,,,,,,,,,,,0.08,0.10,-0.07,-0.04,0.35,0.36,0.50,0.53,0.37,0.40,0.24,0.28,0.24,0.24,0.16,0.28,0.47,0.49,0.18,0.19,0.13,0.13,0.23,0.18,0.02,0.01,0.16,0.20,0.08,0.07,0.26,0.24,0.17,0.14,0.22,0.19,0.56,0.56,0.29,0.28,0.44,0.50,-0.12,-0.02,0.40,0.46,0.11,0.18,0.26,0.27,0.27,0.26,0.13,0.17,-0.14,-0.14,-0.36,-0.33,0.53,0.53,0.32,0.32,-0.49,-0.54,0.66,0.66,0.60,0.59,0.05,0.20,-0.33,-0.32,0.08,0.10,-0.45,-0.38,0.45,0.50,0.45,0.45,0.34,0.39,0.59,0.55,-0.00,-0.06,0.04,0.04,0.14,0.15,0.36,0.36,0.04,0.15,0.16,0.19,0.32,0.25
82,Tranception_Tranception_L_avg_score_R_to_L,,,,,,,,,,,,,,,,,,,,,,,,,,,,,,,,,,,,,,,,,,,,,,,,,,,0.07,0.08,-0.07,-0.07,0.37,0.38,0.48,0.49,0.33,0.36,0.20,0.23,0.42,0.42,0.14,0.26,0.59,0.61,0.34,0.36,0.04,0.02,0.29,0.23,0.04,0.03,0.14,0.18,0.23,0.21,0.27,0.25,0.17,0.14,0.16,0.14,0.51,0.51,0.04,0.04,0.53,0.59,-0.14,-0.04,0.35,0.40,0.14,0.15,0.29,0.30,0.39,0.37,0.51,0.39,-0.12,-0.13,-0.39,-0.33,0.35,0.35,0.35,0.35,-0.64,-0.58,0.56,0.56,0.57,0.57,0.03,0.12,-0.22,-0.21,0.09,0.11,-0.39,-0.29,0.41,0.48,0.45,0.43,0.13,0.19,0.55,0.51,0.06,0.01,-0.27,-0.27,0.00,0.01,0.27,0.27,-0.00,0.13,0.04,0.07,0.38,0.33
83,Tranception_Tranception_L_avg_score,,,,,,,,,,,,,,,,,,,,,,,,,,,,,,,,,,,,,,,,,,,,,,,,,,,0.08,0.09,-0.08,-0.07,0.37,0.38,0.57,0.59,0.35,0.38,0.21,0.24,0.37,0.37,0.15,0.27,0.54,0.56,0.26,0.27,0.06,0.05,0.26,0.21,0.03,0.02,0.15,0.19,0.15,0.14,0.26,0.25,0.18,0.15,0.20,0.18,0.54,0.54,0.17,0.17,0.49,0.55,-0.12,-0.03,0.40,0.45,0.14,0.19,0.28,0.28,0.32,0.31,0.35,0.29,-0.13,-0.13,-0.38,-0.33,0.45,0.45,0.34,0.34,-0.65,-0.60,0.63,0.63,0.59,0.59,0.05,0.16,-0.30,-0.29,0.08,0.10,-0.42,-0.33,0.45,0.50,0.46,0.45,0.26,0.32,0.58,0.54,0.02,-0.03,-0.14,-0.14,0.03,0.04,0.29,0.30,0.01,0.14,0.09,0.13,0.35,0.29
84,Tranception_Tranception_L_reruns_avg_score_L_to_R,,,,,,,,,,,,,,,,,,,,,,,,,,,,,,,,,,,,,,,,,,,,,,,,,,,0.08,0.10,-0.07,-0.04,0.35,0.36,0.50,0.53,0.37,0.40,0.24,0.28,0.24,0.24,0.16,0.28,0.47,0.49,0.18,0.19,0.13,0.13,0.23,0.18,0.02,0.01,0.16,0.20,0.08,0.07,0.26,0.24,0.17,0.14,0.22,0.19,0.56,0.56,0.29,0.28,0.44,0.50,-0.12,-0.02,0.40,0.46,0.11,0.18,0.27,0.28,0.27,0.26,0.13,0.17,-0.14,-0.14,-0.36,-0.33,0.53,0.53,0.32,0.32,-0.49,-0.54,0.66,0.66,0.58,0.57,0.05,0.20,-0.33,-0.32,0.08,0.10,-0.32,-0.29,0.45,0.50,0.45,0.45,0.34,0.39,0.59,0.55,-0.00,-0.06,0.04,0.04,0.14,0.15,0.36,0.36,0.04,0.15,0.16,0.19,0.32,0.25
85,Tranception_Tranception_L_reruns_avg_score_R_to_L,,,,,,,,,,,,,,,,,,,,,,,,,,,,,,,,,,,,,,,,,,,,,,,,,,,0.07,0.08,-0.07,-0.07,0.37,0.38,0.48,0.49,0.33,0.36,0.20,0.23,0.42,0.42,0.14,0.26,0.59,0.61,0.34,0.36,0.04,0.02,0.29,0.23,0.04,0.03,0.14,0.18,0.23,0.21,0.27,0.25,0.17,0.14,0.16,0.14,0.51,0.51,0.04,0.04,0.53,0.59,-0.14,-0.04,0.35,0.40,0.14,0.15,0.30,0.31,0.39,0.37,0.51,0.39,-0.12,-0.13,-0.39,-0.33,0.35,0.35,0.35,0.35,-0.64,-0.58,0.56,0.56,0.55,0.55,0.03,0.12,-0.22,-0.21,0.09,0.11,-0.25,-0.17,0.41,0.48,0.45,0.43,0.13,0.19,0.55,0.51,0.06,0.01,-0.27,-0.27,0.00,0.01,0.27,0.27,-0.00,0.13,0.04,0.07,0.38,0.33
86,Tranception_Tranception_L_reruns_avg_score,,,,,,,,,,,,,,,,,,,,,,,,,,,,,,,,,,,,,,,,,,,,,,,,,,,0.08,0.09,-0.08,-0.07,0.37,0.38,0.57,0.59,0.35,0.38,0.21,0.24,0.37,0.37,0.15,0.27,0.54,0.56,0.26,0.27,0.06,0.05,0.26,0.21,0.03,0.02,0.15,0.19,0.15,0.14,0.26,0.25,0.18,0.15,0.20,0.18,0.54,0.54,0.17,0.17,0.49,0.55,-0.12,-0.03,0.40,0.45,0.14,0.19,0.29,0.30,0.32,0.31,0.35,0.29,-0.13,-0.13,-0.38,-0.33,0.45,0.45,0.34,0.34,-0.65,-0.60,0.63,0.63,0.57,0.56,0.05,0.16,-0.30,-0.29,0.08,0.10,-0.28,-0.22,0.45,0.50,0.46,0.45,0.26,0.32,0.58,0.54,0.02,-0.03,-0.14,-0.14,0.03,0.04,0.29,0.30,0.01,0.14,0.09,0.13,0.35,0.29
87,Tranception_Tranception_M_avg_score_L_to_R,,,,,,,,,,,,,,,,,,,,,,,,,,,,,,,,,,,,,,,,,,,,,,,,,,,0.16,0.18,-0.05,-0.04,0.35,0.36,0.38,0.40,0.35,0.38,0.34,0.36,0.32,0.32,0.14,0.27,0.66,0.68,0.23,0.21,0.32,0.32,0.30,0.27,0.08,0.08,0.16,0.20,0.23,0.24,0.33,0.32,0.19,0.17,0.27,0.24,0.54,0.54,0.23,0.22,0.51,0.56,-0.09,-0.02,0.33,0.36,0.16,0.16,0.27,0.27,0.25,0.25,0.44,0.27,-0.06,-0.06,-0.35,-0.32,0.02,0.02,0.42,0.42,-0.43,-0.44,0.66,0.66,0.65,0.63,0.08,0.16,0.20,0.21,0.11,0.13,-0.45,-0.38,0.52,0.57,0.41,0.41,0.18,0.25,0.55,0.52,0.06,-0.01,0.12,0.12,0.17,0.20,0.35,0.34,-0.01,0.07,0.21,0.24,0.38,0.32
88,Tranception_Tranception_M_avg_score_R_to_L,,,,,,,,,,,,,,,,,,,,,,,,,,,,,,,,,,,,,,,,,,,,,,,,,,,0.16,0.18,-0.12,-0.11,0.39,0.39,0.63,0.63,0.34,0.37,0.12,0.18,0.32,0.32,0.13,0.25,0.61,0.62,0.38,0.39,0.03,0.01,0.29,0.24,-0.10,-0.12,-0.01,0.04,0.22,0.20,0.24,0.23,0.23,0.22,0.23,0.21,0.49,0.49,0.10,0.10,0.48,0.54,-0.12,-0.02,0.26,0.36,0.19,0.21,0.29,0.29,0.34,0.33,0.48,0.33,-0.05,-0.05,-0.38,-0.33,0.21,0.21,0.47,0.47,-0.60,-0.61,0.57,0.57,0.56,0.57,0.09,0.12,0.23,0.24,0.06,0.08,-0.50,-0.45,0.43,0.49,0.47,0.46,0.12,0.17,0.61,0.57,-0.01,-0.06,0.13,0.13,0.16,0.17,0.37,0.38,0.01,0.15,0.21,0.22,0.37,0.32
89,Tranception_Tranception_M_avg_score,,,,,,,,,,,,,,,,,,,,,,,,,,,,,,,,,,,,,,,,,,,,,,,,,,,0.16,0.18,-0.09,-0.08,0.37,0.38,0.53,0.54,0.34,0.37,0.22,0.27,0.33,0.33,0.14,0.26,0.65,0.66,0.30,0.29,0.07,0.06,0.30,0.26,-0.03,-0.05,0.08,0.12,0.23,0.23,0.29,0.28,0.22,0.20,0.25,0.22,0.52,0.52,0.19,0.18,0.50,0.55,-0.09,-0.00,0.31,0.37,0.20,0.20,0.28,0.28,0.30,0.29,0.49,0.32,-0.06,-0.06,-0.37,-0.33,0.12,0.12,0.46,0.46,-0.58,-0.59,0.62,0.62,0.61,0.61,0.09,0.15,0.22,0.23,0.09,0.10,-0.48,-0.41,0.48,0.54,0.44,0.44,0.16,0.23,0.58,0.55,0.03,-0.03,0.12,0.12,0.16,0.18,0.38,0.38,-0.01,0.13,0.21,0.23,0.38,0.32
90,Tranception_Tranception_S_avg_score_L_to_R,,,,,,,,,,,,,,,,,,,,,,,,,,,,,,,,,,,,,,,,,,,,,,,,,,,0.16,0.19,0.02,0.02,0.37,0.37,0.42,0.44,0.39,0.41,0.19,0.21,0.30,0.30,0.12,0.25,0.55,0.57,0.08,0.07,0.33,0.33,0.29,0.25,-0.04,-0.04,0.16,0.21,0.24,0.23,0.26,0.24,0.16,0.13,0.20,0.18,0.54,0.54,0.26,0.25,0.45,0.51,-0.11,-0.02,0.36,0.44,0.36,0.36,0.27,0.27,0.32,0.31,0.46,0.32,-0.21,-0.21,-0.42,-0.40,0.16,0.16,0.42,0.42,-0.42,-0.47,0.56,0.56,0.59,0.55,-0.04,0.07,0.23,0.24,0.10,0.12,-0.42,-0.37,0.50,0.55,0.34,0.34,0.15,0.22,0.59,0.55,0.00,-0.02,0.14,0.14,0.18,0.20,0.42,0.42,-0.06,0.04,0.26,0.28,0.43,0.42
91,Tranception_Tranception_S_avg_score_R_to_L,,,,,,,,,,,,,,,,,,,,,,,,,,,,,,,,,,,,,,,,,,,,,,,,,,,0.13,0.15,-0.07,-0.05,0.33,0.33,0.52,0.53,0.36,0.39,0.15,0.20,0.26,0.26,0.13,0.25,0.59,0.61,0.39,0.41,0.08,0.06,0.29,0.24,0.00,-0.01,0.18,0.22,0.28,0.28,0.29,0.27,0.39,0.39,0.20,0.19,0.50,0.50,0.11,0.10,0.44,0.50,-0.15,-0.04,0.37,0.47,0.26,0.25,0.27,0.28,0.32,0.30,0.43,0.28,-0.07,-0.07,-0.38,-0.34,0.05,0.05,0.38,0.38,-0.57,-0.62,0.60,0.60,0.62,0.63,0.06,0.13,0.20,0.22,0.10,0.12,-0.50,-0.46,0.43,0.48,0.43,0.42,0.08,0.14,0.56,0.53,-0.11,-0.11,0.15,0.15,0.17,0.18,0.35,0.37,-0.01,0.07,0.24,0.26,0.42,0.41
92,Tranception_Tranception_S_avg_score,,,,,,,,,,,,,,,,,,,,,,,,,,,,,,,,,,,,,,,,,,,,,,,,,,,0.15,0.17,-0.04,-0.03,0.35,0.35,0.47,0.49,0.37,0.40,0.20,0.23,0.29,0.29,0.13,0.25,0.58,0.59,0.24,0.26,0.12,0.10,0.29,0.24,-0.02,-0.03,0.17,0.22,0.25,0.24,0.27,0.26,0.28,0.27,0.22,0.20,0.52,0.52,0.17,0.16,0.44,0.51,-0.12,-0.02,0.36,0.46,0.34,0.33,0.27,0.27,0.32,0.31,0.46,0.31,-0.14,-0.14,-0.40,-0.37,0.11,0.11,0.41,0.41,-0.52,-0.56,0.60,0.60,0.62,0.61,0.01,0.09,0.21,0.23,0.10,0.12,-0.47,-0.43,0.49,0.53,0.39,0.38,0.13,0.19,0.59,0.56,-0.06,-0.07,0.14,0.14,0.18,0.19,0.39,0.40,-0.04,0.05,0.25,0.27,0.43,0.42
93,Tranception_no_retrieval_Tranception_L_avg_score_L_to_R,,,,,,,,,,,,,,,,,,,,,,,,,,,,,,,,,,,,,,,,,,,,,,,,,,,-0.36,-0.37,-0.08,-0.01,-0.11,-0.11,0.51,0.54,0.11,0.11,0.20,0.23,0.09,0.09,0.17,0.19,0.48,0.51,-0.05,-0.04,-0.41,-0.40,0.00,-0.04,0.11,0.06,0.20,0.27,-0.20,-0.21,-0.18,-0.14,0.18,0.17,0.14,0.12,0.37,0.37,0.09,0.08,0.27,0.33,-0.13,-0.10,0.36,0.43,-0.06,0.06,-0.15,-0.14,0.20,0.18,0.02,0.11,-0.00,-0.01,-0.20,-0.15,0.59,0.59,0.25,0.25,-0.16,-0.16,0.60,0.60,0.50,0.49,-0.02,0.15,-0.58,-0.58,-0.28,-0.29,-0.38,-0.34,0.37,0.42,0.15,0.18,0.35,0.39,0.52,0.48,0.06,-0.05,-0.54,-0.54,-0.21,-0.21,0.22,0.22,0.14,0.22,-0.05,0.01,0.19,0.13
94,Tranception_no_retrieval_Tranception_L_avg_score_R_to_L,,,,,,,,,,,,,,,,,,,,,,,,,,,,,,,,,,,,,,,,,,,,,,,,,,,-0.44,-0.49,-0.11,-0.11,0.25,0.26,0.56,0.56,0.17,0.21,0.18,0.20,0.41,0.41,0.08,0.06,0.61,0.63,0.19,0.25,0.01,-0.01,-0.03,-0.07,0.15,0.11,0.23,0.27,-0.13,-0.15,-0.14,-0.11,0.18,0.17,0.07,0.05,0.44,0.45,-0.14,-0.15,0.54,0.58,-0.17,-0.20,0.30,0.32,0.02,0.06,0.13,0.15,0.46,0.41,0.55,0.40,0.09,0.09,-0.34,-0.28,0.38,0.38,0.13,0.13,-0.62,-0.55,0.46,0.46,0.30,0.29,-0.01,0.08,-0.47,-0.47,-0.20,-0.21,-0.20,-0.06,0.25,0.32,0.12,0.08,0.04,0.09,0.40,0.34,0.35,0.17,-0.64,-0.64,-0.05,-0.05,0.24,0.25,0.04,0.17,-0.11,-0.09,0.22,0.24
95,Tranception_no_retrieval_Tranception_L_avg_score,,,,,,,,,,,,,,,,,,,,,,,,,,,,,,,,,,,,,,,,,,,,,,,,,,,-0.44,-0.48,-0.16,-0.14,0.21,0.22,0.58,0.60,0.20,0.23,0.16,0.18,0.37,0.37,0.12,0.11,0.57,0.59,0.07,0.10,-0.02,-0.04,0.00,-0.05,0.14,0.10,0.24,0.29,-0.20,-0.22,-0.18,-0.14,0.21,0.19,0.12,0.10,0.44,0.44,-0.02,-0.02,0.46,0.52,-0.15,-0.12,0.35,0.40,-0.00,0.09,-0.00,0.01,0.25,0.23,0.31,0.28,0.05,0.05,-0.30,-0.25,0.52,0.52,0.24,0.24,-0.62,-0.54,0.59,0.59,0.45,0.43,-0.01,0.11,-0.58,-0.59,-0.24,-0.26,-0.26,-0.14,0.34,0.40,0.17,0.18,0.25,0.30,0.48,0.43,0.28,0.11,-0.68,-0.68,-0.06,-0.06,0.25,0.26,0.08,0.20,-0.11,-0.08,0.21,0.16
96,Tranception_no_retrieval_Tranception_M_avg_score_L_to_R,,,,,,,,,,,,,,,,,,,,,,,,,,,,,,,,,,,,,,,,,,,,,,,,,,,-0.16,-0.18,-0.09,-0.06,-0.14,-0.13,0.53,0.55,0.03,0.05,0.33,0.34,0.31,0.31,0.08,0.11,0.68,0.69,0.05,0.03,-0.04,-0.02,0.04,0.07,0.19,0.17,0.18,0.25,0.14,0.17,-0.12,-0.07,0.24,0.23,0.17,0.14,0.40,0.40,0.04,0.04,0.46,0.50,-0.09,-0.10,0.19,0.23,0.07,0.10,-0.11,-0.10,0.19,0.18,0.48,0.35,0.25,0.25,-0.25,-0.19,-0.38,-0.38,0.31,0.31,-0.17,-0.11,0.60,0.60,0.56,0.52,0.04,0.12,-0.18,-0.17,-0.19,-0.19,-0.37,-0.31,0.46,0.52,0.07,0.09,0.17,0.22,0.38,0.36,0.27,0.17,-0.40,-0.40,-0.08,-0.06,0.17,0.16,0.12,0.11,-0.15,-0.09,0.18,0.11
97,Tranception_no_retrieval_Tranception_M_avg_score_R_to_L,,,,,,,,,,,,,,,,,,,,,,,,,,,,,,,,,,,,,,,,,,,,,,,,,,,0.01,-0.01,-0.20,-0.17,0.11,0.10,0.64,0.64,0.13,0.15,0.03,0.10,0.26,0.26,-0.08,-0.07,0.63,0.64,0.25,0.29,0.00,-0.02,0.03,-0.02,-0.11,-0.13,-0.08,-0.00,-0.08,-0.16,-0.17,-0.14,0.24,0.27,0.13,0.11,0.38,0.38,-0.07,-0.07,0.36,0.42,-0.12,-0.11,0.08,0.18,0.09,0.13,-0.11,-0.10,0.37,0.33,0.52,0.34,0.27,0.27,-0.39,-0.32,-0.15,-0.15,0.38,0.38,-0.58,-0.55,0.39,0.39,0.32,0.35,0.05,0.02,0.02,0.03,-0.19,-0.21,-0.41,-0.34,0.26,0.33,-0.25,-0.25,0.00,0.02,0.20,0.13,0.33,0.21,-0.04,-0.04,-0.10,-0.10,0.36,0.38,0.08,0.20,-0.23,-0.22,0.29,0.30
98,Tranception_no_retrieval_Tranception_M_avg_score,,,,,,,,,,,,,,,,,,,,,,,,,,,,,,,,,,,,,,,,,,,,,,,,,,,-0.08,-0.10,-0.16,-0.13,0.00,-0.00,0.61,0.62,0.09,0.11,0.19,0.23,0.32,0.32,-0.01,0.00,0.68,0.69,0.14,0.15,-0.01,-0.03,0.04,0.05,-0.04,-0.07,0.04,0.12,0.11,0.12,-0.12,-0.08,0.26,0.28,0.16,0.13,0.39,0.39,-0.02,-0.02,0.45,0.49,-0.11,-0.11,0.18,0.25,0.11,0.14,-0.12,-0.11,0.22,0.21,0.54,0.34,0.29,0.29,-0.34,-0.26,-0.31,-0.31,0.39,0.39,-0.55,-0.51,0.51,0.51,0.48,0.47,0.06,0.08,-0.07,-0.06,-0.20,-0.22,-0.40,-0.33,0.40,0.47,-0.05,-0.02,0.12,0.17,0.38,0.36,0.32,0.20,-0.20,-0.20,-0.10,-0.08,0.37,0.38,0.09,0.21,-0.22,-0.18,0.24,0.20
99,Tranception_no_retrieval_Tranception_S_avg_score_L_to_R,,,,,,,,,,,,,,,,,,,,,,,,,,,,,,,,,,,,,,,,,,,,,,,,,,,-0.20,-0.23,0.25,0.20,-0.09,-0.08,0.50,0.52,-0.03,-0.02,0.20,0.20,0.23,0.23,0.01,0.03,0.59,0.61,-0.10,-0.11,-0.06,-0.06,-0.05,-0.06,0.06,0.02,0.21,0.27,0.13,0.13,-0.13,-0.12,0.20,0.17,0.13,0.11,0.35,0.34,-0.13,-0.13,0.19,0.22,-0.15,-0.14,0.17,0.26,0.31,0.34,-0.04,-0.04,0.29,0.26,0.61,0.27,-0.13,-0.12,-0.48,-0.46,0.00,0.00,-0.07,-0.07,-0.05,-0.03,0.36,0.36,0.28,0.22,-0.16,-0.11,-0.07,-0.06,-0.27,-0.28,-0.27,-0.22,0.39,0.42,-0.44,-0.43,0.13,0.19,0.47,0.42,0.26,0.14,-0.41,-0.41,-0.05,-0.05,0.25,0.27,0.17,0.22,-0.03,-0.02,0.27,0.33
100,Tranception_no_retrieval_Tranception_S_avg_score_R_to_L,,,,,,,,,,,,,,,,,,,,,,,,,,,,,,,,,,,,,,,,,,,,,,,,,,,-0.29,-0.31,-0.14,-0.09,-0.08,-0.08,0.60,0.60,0.14,0.16,0.07,0.09,0.09,0.09,0.10,0.11,0.67,0.68,0.20,0.26,0.05,0.03,-0.12,-0.11,0.14,0.10,0.28,0.32,0.10,0.06,-0.08,-0.04,0.44,0.44,0.04,0.03,0.33,0.32,-0.11,-0.11,0.17,0.21,-0.16,-0.12,-0.19,-0.04,0.12,0.14,-0.11,-0.09,0.29,0.23,0.63,0.43,0.12,0.12,-0.35,-0.30,-0.42,-0.42,0.19,0.19,-0.35,-0.35,0.55,0.55,0.35,0.39,0.04,0.00,-0.19,-0.19,-0.21,-0.22,-0.39,-0.34,0.18,0.18,-0.41,-0.42,-0.03,0.01,-0.33,-0.36,0.12,0.06,0.23,0.23,-0.09,-0.12,0.28,0.31,0.15,0.20,-0.13,-0.10,0.25,0.33
101,Tranception_no_retrieval_Tranception_S_avg_score,,,,,,,,,,,,,,,,,,,,,,,,,,,,,,,,,,,,,,,,,,,,,,,,,,,-0.27,-0.29,-0.03,-0.01,-0.08,-0.09,0.57,0.59,0.08,0.10,0.20,0.21,0.23,0.23,0.06,0.08,0.66,0.67,0.04,0.06,0.04,0.02,-0.09,-0.08,0.10,0.06,0.26,0.31,0.14,0.13,-0.11,-0.09,0.38,0.38,0.12,0.10,0.34,0.34,-0.12,-0.13,0.18,0.22,-0.16,-0.14,0.05,0.19,0.27,0.29,-0.08,-0.07,0.31,0.27,0.68,0.42,0.01,0.01,-0.44,-0.40,-0.21,-0.21,0.14,0.14,-0.25,-0.23,0.55,0.55,0.36,0.34,-0.06,-0.05,-0.13,-0.13,-0.24,-0.26,-0.36,-0.30,0.34,0.36,-0.45,-0.46,0.08,0.14,0.33,0.28,0.20,0.12,-0.13,-0.13,-0.07,-0.08,0.29,0.31,0.16,0.21,-0.09,-0.06,0.27,0.34
102,UniRep_Unirep_score,,,,,,,,,,,,,,,,,,,,,,,,,,,,,,,,,,,,,,,,,,,,,,,,,,,0.45,0.48,0.18,0.17,0.03,0.03,-0.64,-0.65,0.09,0.05,0.35,0.36,-0.21,-0.21,0.02,-0.02,-0.59,-0.60,0.18,0.17,0.21,0.19,0.01,0.06,0.01,0.04,-0.24,-0.28,-0.04,0.01,0.11,0.07,-0.09,-0.11,-0.36,-0.33,-0.36,-0.36,0.05,0.06,-0.35,-0.41,0.17,0.19,-0.37,-0.40,0.02,-0.00,-0.01,-0.03,-0.49,-0.43,-0.56,-0.20,-0.06,-0.06,0.41,0.34,0.42,0.42,-0.13,-0.13,0.15,0.21,-0.40,-0.40,-0.47,-0.40,-0.04,-0.05,0.18,0.18,0.24,0.24,0.42,0.35,-0.04,-0.02,0.52,0.52,-0.10,-0.10,-0.65,-0.62,-0.27,-0.14,0.37,0.37,0.09,0.13,0.01,0.01,-0.17,-0.26,0.06,0.08,-0.19,-0.25
103,UniRep_evotuned_Unirep_score,,,,,,,,,,,,,,,,,,,,,,,,,,,,,,,,,,,,,,,,,,,,,,,,,,,0.32,0.39,0.21,0.16,-0.40,-0.41,-0.38,-0.42,-0.36,-0.38,-0.39,-0.38,-0.04,-0.04,-0.15,-0.27,-0.51,-0.53,-0.23,-0.21,-0.11,-0.08,-0.27,-0.25,0.08,0.10,0.24,0.18,-0.05,-0.06,-0.54,-0.52,-0.13,-0.17,-0.11,-0.10,-0.49,-0.49,-0.26,-0.25,-0.14,-0.15,0.10,0.01,-0.34,-0.37,-0.05,-0.05,-0.28,-0.29,-0.07,-0.07,-0.55,-0.34,0.09,0.08,0.23,0.21,0.25,0.25,-0.14,-0.14,0.22,0.18,-0.43,-0.43,-0.10,-0.07,-0.02,-0.11,0.30,0.30,-0.26,-0.25,0.33,0.23,-0.34,-0.41,-0.41,-0.37,-0.15,-0.21,0.21,0.17,0.08,0.05,0.16,0.16,-0.12,-0.13,-0.39,-0.40,-0.08,-0.13,0.02,-0.01,-0.06,0.04
104,VESPA_VESPA,,,,,,,,,,,,,,,,,,,,,,,,,,,,,,,,,,,,,,,,,,,,,,,,,,,-0.16,-0.21,-0.21,-0.18,0.46,0.46,0.57,0.58,0.32,0.34,0.33,0.33,-0.03,-0.03,0.27,0.35,0.31,0.32,0.19,0.23,0.08,0.06,-0.10,-0.11,-0.07,-0.05,0.11,0.15,0.29,0.29,0.35,0.29,0.05,0.08,0.10,0.08,0.48,0.48,0.05,0.04,0.45,0.49,-0.09,0.04,0.23,0.33,-0.29,-0.25,0.41,0.39,0.16,0.18,0.17,0.06,-0.05,-0.05,-0.39,-0.32,0.12,0.12,0.14,0.14,-0.63,-0.60,0.60,0.60,-0.47,-0.36,0.00,0.01,0.11,0.12,-0.17,-0.18,-0.32,-0.23,0.42,0.47,0.39,0.37,-0.05,-0.02,0.52,0.48,-0.27,-0.32,-0.49,-0.49,0.25,0.24,0.41,0.41,0.16,0.30,0.28,0.31,0.19,0.18
105,VESPA_VESPAl,,,,,,,,,,,,,,,,,,,,,,,,,,,,,,,,,,,,,,,,,,,,,,,,,,,-0.21,-0.26,-0.25,-0.22,0.36,0.36,0.61,0.62,0.31,0.33,0.31,0.31,-0.03,-0.03,0.18,0.26,0.28,0.29,0.27,0.27,0.07,0.05,-0.44,-0.42,-0.09,-0.08,-0.07,-0.05,0.28,0.27,0.27,0.21,-0.11,-0.09,0.09,0.07,0.54,0.54,-0.04,-0.05,0.42,0.46,-0.06,0.07,0.19,0.25,-0.34,-0.31,0.42,0.40,0.10,0.13,0.04,-0.02,-0.23,-0.23,-0.33,-0.27,0.18,0.18,-0.06,-0.06,-0.67,-0.65,0.64,0.64,-0.58,-0.48,-0.07,-0.02,0.06,0.07,-0.03,-0.04,-0.33,-0.24,0.42,0.47,0.32,0.28,-0.08,-0.07,0.50,0.45,-0.24,-0.28,-0.65,-0.65,0.22,0.21,0.41,0.41,0.20,0.33,0.17,0.19,0.15,0.15
106,VespaG_VespaG,,,,,,,,,,,,,,,,,,,,,,,,,,,,,,,,,,,,,,,,,,,,,,,,,,,-0.10,-0.12,-0.15,-0.07,0.51,0.52,0.65,0.66,0.42,0.44,0.25,0.27,0.19,0.19,0.22,0.34,0.45,0.46,0.23,0.25,0.47,0.47,0.31,0.29,-0.20,-0.19,0.16,0.20,0.11,0.13,0.33,0.33,0.22,0.23,0.25,0.23,0.49,0.49,0.26,0.25,0.40,0.46,-0.16,-0.05,0.28,0.37,0.25,0.22,0.37,0.37,0.22,0.26,0.38,0.14,0.06,0.06,-0.27,-0.22,0.01,0.01,0.41,0.41,-0.40,-0.32,0.53,0.53,-0.26,-0.19,-0.10,-0.04,-0.02,-0.01,-0.12,-0.12,-0.06,0.05,0.50,0.55,0.31,0.34,0.22,0.31,0.50,0.48,-0.12,-0.18,-0.12,-0.12,0.21,0.22,0.36,0.36,0.02,0.11,0.27,0.34,0.21,0.20
107,Wavenet_Wavenet_prediction,,,,,,,,,,,,,,,,,,,,,,,,,,,,,,,,,,,,,,,,,,,,,,,,,,,0.46,0.53,0.16,0.12,-0.26,-0.25,0.16,0.14,-0.32,-0.33,-0.30,-0.31,0.02,0.02,0.09,0.03,-0.54,-0.55,-0.35,-0.36,-0.16,-0.13,-0.37,-0.30,-0.01,0.01,-0.05,-0.09,-0.24,-0.26,-0.42,-0.38,-0.13,-0.14,-0.09,-0.07,-0.35,-0.35,-0.24,-0.23,-0.46,-0.52,0.09,-0.02,-0.44,-0.54,-0.25,-0.28,-0.42,-0.43,-0.18,-0.15,-0.64,-0.43,0.06,0.06,0.37,0.34,-0.43,-0.43,-0.26,-0.26,0.28,0.20,-0.49,-0.49,-0.46,-0.39,-0.09,-0.07,0.06,0.05,-0.07,-0.08,0.02,-0.11,-0.49,-0.56,-0.51,-0.48,-0.18,-0.22,-0.48,-0.47,0.11,0.14,0.10,0.10,-0.18,-0.18,-0.42,-0.41,0.01,-0.09,-0.02,-0.08,-0.13,0.01
