,model,D7PM05_CLYGR_Somermeyer_2022_all,D7PM05_CLYGR_Somermeyer_2022_epistatic,Q6WV13_9MAXI_Somermeyer_2022_all,Q6WV13_9MAXI_Somermeyer_2022_epistatic,Q8WTC7_9CNID_Somermeyer_2022_all,Q8WTC7_9CNID_Somermeyer_2022_epistatic
0,CARP_carp_38M_carp_38M_score,0.00,0.01,0.01,-0.04,-0.01,-0.02
1,CARP_carp_600k_carp_600k_score,0.02,0.01,-0.01,-0.05,-0.01,-0.00
2,CARP_carp_640M_carp_640M_score,0.01,0.02,-0.00,-0.05,-0.02,-0.04
3,CARP_carp_76M_carp_76M_score,0.03,0.03,0.02,-0.04,-0.03,-0.02
4,DeepSequence_evol_indices_seed_1000,-0.61,-0.44,-0.26,-0.16,-0.22,-0.15
5,DeepSequence_evol_indices_seed_2000,-0.54,-0.37,-0.27,-0.17,-0.22,-0.15
6,DeepSequence_evol_indices_seed_3000,-0.59,-0.42,-0.27,-0.18,-0.19,-0.12
7,DeepSequence_evol_indices_seed_4000,-0.53,-0.36,-0.27,-0.17,-0.19,-0.11
8,DeepSequence_evol_indices_seed_5000,-0.53,-0.36,-0.25,-0.15,-0.24,-0.16
9,DeepSequence_evol_indices_ensemble,-0.58,-0.41,-0.26,-0.17,-0.22,-0.14
10,ESM1b_esm1b_t33_650M_UR50S,0.44,0.31,0.24,0.18,0.22,0.19
11,ESM1v_esm1v_t33_650M_UR90S_1,0.07,0.04,0.04,-0.02,-0.01,-0.02
12,ESM1v_esm1v_t33_650M_UR90S_2,0.06,0.04,0.01,-0.03,-0.02,-0.02
13,ESM1v_esm1v_t33_650M_UR90S_3,0.06,0.04,0.02,-0.03,-0.02,-0.02
14,ESM1v_esm1v_t33_650M_UR90S_4,0.07,0.05,0.01,-0.04,-0.02,-0.02
15,ESM1v_esm1v_t33_650M_UR90S_5,0.07,0.05,0.04,-0.02,-0.03,-0.04
16,ESM1v_Ensemble_ESM1v,0.06,0.04,0.02,-0.03,-0.02,-0.02
17,ESM2_150M_esm2_t30_150M_UR50D,0.04,0.03,0.01,-0.05,-0.02,-0.03
18,ESM2_15B_esm2_t48_15B_UR50D,0.15,0.07,-0.02,-0.06,0.03,-0.01
19,ESM2_35M_esm2_t12_35M_UR50D,0.05,0.04,0.05,-0.01,-0.04,-0.03
20,ESM2_3B_esm2_t36_3B_UR50D,0.07,0.05,0.01,-0.04,-0.01,-0.03
21,ESM2_650M_esm2_t33_650M_UR50D,0.05,0.04,0.01,-0.05,-0.02,-0.03
22,ESM2_8M_esm2_t6_8M_UR50D,0.07,0.05,0.01,-0.04,-0.03,-0.03
23,ESM-IF1_esmif1_ll,0.51,0.38,0.30,0.28,0.29,0.27
24,EVE_evol_indices_seed_1000,-0.63,-0.45,-0.33,-0.22,-0.31,-0.25
25,EVE_evol_indices_seed_2000,-0.63,-0.45,-0.33,-0.22,-0.32,-0.26
26,EVE_evol_indices_seed_3000,-0.63,-0.45,-0.33,-0.22,-0.30,-0.24
27,EVE_evol_indices_seed_4000,-0.63,-0.45,-0.33,-0.22,-0.31,-0.25
28,EVE_evol_indices_seed_5000,-0.64,-0.46,-0.34,-0.22,-0.26,-0.20
29,EVE_evol_indices_ensemble,-0.63,-0.45,-0.33,-0.22,-0.30,-0.24
30,EVmutation_prediction_epistatic,0.63,0.45,0.39,0.29,0.37,0.27
31,EVmutation_prediction_independent,0.53,0.34,0.33,0.22,0.29,0.18
32,GEMME_GEMME_score,0.62,0.45,0.43,0.34,0.37,0.28
33,MIF_mif_mif_score,0.29,0.22,0.16,0.13,0.10,0.11
34,MIF_mifst_mifst_score,0.32,0.23,0.16,0.13,0.14,0.15
35,MSA_Transformer_esm_msa1b_t12_100M_UR50S_seed1,0.65,0.48,0.41,0.31,0.32,0.25
36,MSA_Transformer_esm_msa1b_t12_100M_UR50S_seed2,0.64,0.47,0.40,0.31,0.32,0.25
37,MSA_Transformer_esm_msa1b_t12_100M_UR50S_seed3,0.63,0.46,0.39,0.29,0.33,0.26
38,MSA_Transformer_esm_msa1b_t12_100M_UR50S_seed4,0.63,0.43,0.40,0.30,0.32,0.25
39,MSA_Transformer_esm_msa1b_t12_100M_UR50S_seed5,0.64,0.47,0.36,0.23,0.32,0.25
40,MSA_Transformer_esm_msa1b_t12_100M_UR50S_ensemble,0.66,0.49,0.41,0.31,0.32,0.25
41,MULAN_MULAN_small_MULAN_score,0.19,0.14,0.05,0.01,0.04,0.05
42,PoET_PoET_score,0.69,0.53,0.46,0.37,0.35,0.26
43,Progen2_base_Progen2_score,0.07,0.04,0.03,-0.02,0.04,0.01
44,Progen2_large_Progen2_score,0.19,0.08,-0.00,-0.05,0.25,0.15
45,Progen2_medium_Progen2_score,0.05,0.02,-0.00,-0.04,-0.00,-0.01
46,Progen2_small_Progen2_score,0.01,-0.03,0.00,-0.04,-0.01,-0.00
47,Progen2_xlarge_Progen2_score,0.36,0.18,-0.01,-0.07,0.27,0.16
48,ProSST_ProSST-1024_ProSST-1024,0.60,0.42,0.41,0.33,0.42,0.31
49,ProSST_ProSST-128_ProSST-128,0.57,0.38,0.46,0.37,0.39,0.28
50,ProSST_ProSST-20_ProSST-20,0.59,0.40,0.39,0.30,0.35,0.26
51,ProSST_ProSST-2048_ProSST-2048,0.52,0.41,0.26,0.29,0.28,0.26
52,ProSST_ProSST-4096_ProSST-4096,0.63,0.43,0.47,0.37,0.48,0.37
53,ProSST_ProSST-512_ProSST-512,0.60,0.39,0.44,0.35,0.39,0.30
54,ProteinMPNN_pmpnn_ll,0.40,0.26,0.17,0.14,0.19,0.17
55,ProtGPT2_ProtGPT2_score,0.02,0.01,0.04,0.06,-0.02,-0.03
56,ProtSSN_ProtSSN_k10_h512,0.49,0.38,0.23,0.19,0.24,0.23
57,ProtSSN_ProtSSN_k20_h512,0.50,0.40,0.29,0.26,0.26,0.24
58,ProtSSN_ProtSSN_k30_h512,0.49,0.40,0.26,0.23,0.25,0.24
59,ProtSSN_ProtSSN_k10_h768,0.49,0.38,0.25,0.22,0.23,0.22
60,ProtSSN_ProtSSN_k20_h768,0.49,0.39,0.27,0.23,0.24,0.23
61,ProtSSN_ProtSSN_k30_h768,0.49,0.39,0.26,0.23,0.24,0.23
62,ProtSSN_ProtSSN_k10_h1280,0.50,0.40,0.24,0.21,0.25,0.23
63,ProtSSN_ProtSSN_k20_h1280,0.50,0.40,0.27,0.24,0.25,0.24
64,ProtSSN_ProtSSN_k30_h1280,0.49,0.38,0.26,0.23,0.24,0.22
65,ProtSSN_ProtSSN_ensemble,0.50,0.40,0.26,0.23,0.25,0.23
66,RITA_large_RITA_score,0.11,0.06,0.00,-0.07,0.06,0.03
67,RITA_medium_RITA_score,0.04,-0.00,0.05,-0.00,0.04,0.02
68,RITA_small_RITA_score,0.04,0.02,0.01,-0.04,0.01,-0.02
69,RITA_xlarge_RITA_score,0.08,0.05,0.10,0.04,0.01,0.00
70,SaProt_SaProt_35M_AF2_SaProt_score,0.21,0.12,0.03,-0.01,-0.00,0.02
71,SaProt_SaProt_650M_AF2_SaProt_score,0.34,0.22,0.07,0.02,0.14,0.09
72,TranceptEVE_TranceptEVE_L_avg_score_L_to_R,0.62,0.44,0.33,0.22,0.32,0.24
73,TranceptEVE_TranceptEVE_L_avg_score_R_to_L,0.62,0.43,0.32,0.21,0.36,0.27
74,TranceptEVE_TranceptEVE_L_avg_score,0.62,0.44,0.32,0.22,0.34,0.26
75,TranceptEVE_TranceptEVE_M_avg_score_L_to_R,0.63,0.45,0.33,0.22,0.31,0.24
76,TranceptEVE_TranceptEVE_M_avg_score_R_to_L,0.63,0.45,0.33,0.22,0.31,0.25
77,TranceptEVE_TranceptEVE_M_avg_score,0.63,0.45,0.33,0.22,0.31,0.25
78,TranceptEVE_TranceptEVE_S_avg_score_L_to_R,0.63,0.45,0.33,0.22,0.30,0.24
79,TranceptEVE_TranceptEVE_S_avg_score_R_to_L,0.63,0.45,0.33,0.22,0.31,0.24
80,TranceptEVE_TranceptEVE_S_avg_score,0.63,0.45,0.33,0.22,0.30,0.24
81,Tranception_Tranception_L_avg_score_L_to_R,0.53,0.35,0.25,0.16,0.28,0.19
82,Tranception_Tranception_L_avg_score_R_to_L,0.53,0.34,0.24,0.16,0.33,0.23
83,Tranception_Tranception_L_avg_score,0.53,0.34,0.25,0.16,0.32,0.22
84,Tranception_Tranception_L_reruns_avg_score_L_to_R,0.53,0.35,0.25,0.16,0.28,0.19
85,Tranception_Tranception_L_reruns_avg_score_R_to_L,0.53,0.34,0.24,0.16,0.33,0.23
86,Tranception_Tranception_L_reruns_avg_score,0.53,0.34,0.25,0.16,0.32,0.22
87,Tranception_Tranception_M_avg_score_L_to_R,0.53,0.34,0.25,0.16,0.24,0.16
88,Tranception_Tranception_M_avg_score_R_to_L,0.54,0.35,0.25,0.16,0.24,0.16
89,Tranception_Tranception_M_avg_score,0.54,0.35,0.25,0.16,0.24,0.16
90,Tranception_Tranception_S_avg_score_L_to_R,0.53,0.34,0.25,0.16,0.23,0.15
91,Tranception_Tranception_S_avg_score_R_to_L,0.54,0.35,0.24,0.16,0.23,0.16
92,Tranception_Tranception_S_avg_score,0.54,0.34,0.25,0.16,0.23,0.16
93,Tranception_no_retrieval_Tranception_L_avg_score_L_to_R,0.14,0.10,0.01,-0.03,0.24,0.17
94,Tranception_no_retrieval_Tranception_L_avg_score_R_to_L,0.12,0.06,0.01,-0.03,0.32,0.21
95,Tranception_no_retrieval_Tranception_L_avg_score,0.16,0.08,0.01,-0.03,0.30,0.20
96,Tranception_no_retrieval_Tranception_M_avg_score_L_to_R,0.12,0.08,0.03,-0.03,0.01,0.03
97,Tranception_no_retrieval_Tranception_M_avg_score_R_to_L,0.12,0.05,0.02,-0.04,-0.00,-0.00
98,Tranception_no_retrieval_Tranception_M_avg_score,0.12,0.07,0.02,-0.03,0.01,0.02
99,Tranception_no_retrieval_Tranception_S_avg_score_L_to_R,0.07,0.02,0.04,-0.02,-0.03,-0.02
100,Tranception_no_retrieval_Tranception_S_avg_score_R_to_L,0.11,0.05,0.01,-0.05,-0.02,-0.01
101,Tranception_no_retrieval_Tranception_S_avg_score,0.10,0.04,0.03,-0.03,-0.03,-0.02
102,UniRep_Unirep_score,-0.07,-0.04,0.03,0.04,-0.03,-0.01
103,UniRep_evotuned_Unirep_score,-0.48,-0.26,-0.12,-0.07,-0.30,-0.22
104,VESPA_VESPA,0.56,0.45,0.34,0.30,0.30,0.25
105,VESPA_VESPAl,0.57,0.46,0.35,0.32,0.31,0.25
106,VespaG_VespaG,0.60,0.45,0.36,0.31,0.30,0.25
107,Wavenet_Wavenet_prediction,-0.44,-0.30,-0.29,-0.26,-0.23,-0.20
