pair_name,n,divergences,mean_accept_prob,max_num_steps
3DKM.pdb_dmutv5_18R:28D,359,0,0.7760552763938904,63
3DKM.pdb_dmutv5_27Q:56N,361,0,0.7622999548912048,111
3DKM.pdb_dmutv5_59R:65K,321,0,0.914009690284729,751
3DKM.pdb_dmutv5_59R:67D,356,0,0.8899179100990295,879
3DKM.pdb_hnet0,350,0,0.8212149143218994,751
3DKM.pdb_hnet1_3x_|R15X|D51Z,265,0,0.8260118961334229,135
3DKM.pdb_hnet1_3x_|R15X|T36Z,224,0,0.7699708342552185,135
3DKM.pdb_hnet1_3x_|T36X|D51Z,217,0,0.80449378490448,239
3DKM.pdb_hnet2_3x_|D26X|D28Z,324,0,0.8870187401771545,151
3DKM.pdb_hnet2_3x_|R18X|D26Z,319,0,0.7320769429206848,375
3DKM.pdb_hnet2_3x_|R18X|D28Z,1,4,0.8659666180610657,31
3DKM.pdb_hnet3_4x_|E63X|D67Z,238,0,0.8460932374000549,639
3DKM.pdb_hnet3_4x_|R59X|E63Z,221,0,0.6520702838897705,235
3DKM.pdb_hnet3_4x_|W24X|D67Z,184,0,0.618462324142456,639
3DKM.pdb_hnet3_4x_|W24X|E63Z,234,0,0.7613399624824524,359
3DKM.pdb_hnet3_4x_|W24X|R59Z,154,0,0.8479222059249878,599
3DKM.pdb_hnet4_3x_|Q27X|W50Z,8,0,0.8052175045013428,7
3DKM.pdb_hnet4_3x_|Q27X|Y58Z,203,0,0.8357208371162415,607
3DKM.pdb_hnet4_3x_|W50X|Y58Z,3,3,0.845771074295044,15
