dataset_key,dataset_pretty,model,spearman_all,spearman_epistatic,group,rank_epistatic
AMFR_HUMAN_Tsuboyama_2023_4G3O,AMFR_HUMAN_4G3O,ProSST-1024,0.3742222693952839,0.3656126728672506,top_k,1.0
AMFR_HUMAN_Tsuboyama_2023_4G3O,AMFR_HUMAN_4G3O,SaProt_35M_AF2,0.3092633151781139,0.3057050086419547,top_k,2.0
AMFR_HUMAN_Tsuboyama_2023_4G3O,AMFR_HUMAN_4G3O,VenusREM,0.2813107489369991,0.213760609200538,top_k,3.0
AMFR_HUMAN_Tsuboyama_2023_4G3O,AMFR_HUMAN_4G3O,ESM1v_ensemble,0.2595719517105334,0.1894798505192616,top_k,4.0
AMFR_HUMAN_Tsuboyama_2023_4G3O,AMFR_HUMAN_4G3O,Site_Independent,0.1461656763424596,0.174478487958028,top_k,5.0
AMFR_HUMAN_Tsuboyama_2023_4G3O,AMFR_HUMAN_4G3O,MLP,0.6135793591631117,0.5042470863446676,baseline,
AMFR_HUMAN_Tsuboyama_2023_4G3O,AMFR_HUMAN_4G3O,Linear_regression,0.6250642124075517,0.5045947313000608,baseline,
BBC1_YEAST_Tsuboyama_2023_1TG0,BBC1_YEAST_1TG0,SaProt_35M_AF2,0.3018096407409384,0.582597555116639,top_k,1.0
BBC1_YEAST_Tsuboyama_2023_1TG0,BBC1_YEAST_1TG0,ESM2_150M,-0.0988149255324827,0.5279987188384135,top_k,2.0
BBC1_YEAST_Tsuboyama_2023_1TG0,BBC1_YEAST_1TG0,S3F,-0.0015480702503603,0.5082581540596809,top_k,3.0
BBC1_YEAST_Tsuboyama_2023_1TG0,BBC1_YEAST_1TG0,MSA_Transformer_ensemble,-0.0007633587786259,0.5069022580472962,top_k,4.0
BBC1_YEAST_Tsuboyama_2023_1TG0,BBC1_YEAST_1TG0,ESM3,0.349260663001121,0.5040283243856573,top_k,5.0
BBC1_YEAST_Tsuboyama_2023_1TG0,BBC1_YEAST_1TG0,MLP,0.6258090697659319,0.6014519831313724,baseline,
BBC1_YEAST_Tsuboyama_2023_1TG0,BBC1_YEAST_1TG0,Linear_regression,0.6244969186896439,0.6011850744675172,baseline,
BCHB_CHLTE_Tsuboyama_2023_2KRU,BCHB_CHLTE_2KRU,VenusREM,0.7101161995898838,0.7971291866028709,top_k,1.0
BCHB_CHLTE_Tsuboyama_2023_2KRU,BCHB_CHLTE_2KRU,GEMME,0.7625557512349058,0.7765341172377328,top_k,2.0
BCHB_CHLTE_Tsuboyama_2023_2KRU,BCHB_CHLTE_2KRU,ESM-IF1,0.7192754613807246,0.764524948735475,top_k,3.0
BCHB_CHLTE_Tsuboyama_2023_2KRU,BCHB_CHLTE_2KRU,Tranception_M,0.5630895420369105,0.7304169514695831,top_k,4.0
BCHB_CHLTE_Tsuboyama_2023_2KRU,BCHB_CHLTE_2KRU,ESCOTT,0.7644013056704869,0.7292332405924697,top_k,5.0
BCHB_CHLTE_Tsuboyama_2023_2KRU,BCHB_CHLTE_2KRU,MLP,0.905892002734108,0.774395078605605,baseline,
BCHB_CHLTE_Tsuboyama_2023_2KRU,BCHB_CHLTE_2KRU,Linear_regression,0.9065618591934383,0.7757347915242653,baseline,
CATR_CHLRE_Tsuboyama_2023_2AMI,CATR_CHLRE_2AMI,SaProt_35M_AF2,0.7555385790679907,0.6935064935064935,top_k,1.0
CATR_CHLRE_Tsuboyama_2023_2AMI,CATR_CHLRE_2AMI,ESM2_150M,0.7934300993124522,0.6886172650878534,top_k,2.0
CATR_CHLRE_Tsuboyama_2023_2AMI,CATR_CHLRE_2AMI,VenusREM,0.8074866310160428,0.6663101604278074,top_k,3.0
CATR_CHLRE_Tsuboyama_2023_2AMI,CATR_CHLRE_2AMI,ESM1b,0.6770053475935829,0.6571428571428571,top_k,4.0
CATR_CHLRE_Tsuboyama_2023_2AMI,CATR_CHLRE_2AMI,PoET,0.6446142093200917,0.6363636363636364,top_k,5.0
CATR_CHLRE_Tsuboyama_2023_2AMI,CATR_CHLRE_2AMI,MLP,0.8528953399541634,0.7764400305576776,baseline,
CATR_CHLRE_Tsuboyama_2023_2AMI,CATR_CHLRE_2AMI,Linear_regression,0.8680519480519481,0.7769289533995416,baseline,
CBPA2_HUMAN_Tsuboyama_2023_1O6X,CBPA2_HUMAN_1O6X,ProSST-1024,0.7540181958444109,0.6547762497688858,top_k,1.0
CBPA2_HUMAN_Tsuboyama_2023_1O6X,CBPA2_HUMAN_1O6X,SaProt_35M_AF2,0.616535648936238,0.6408010251898321,top_k,2.0
CBPA2_HUMAN_Tsuboyama_2023_1O6X,CBPA2_HUMAN_1O6X,VenusREM,0.6320792609452403,0.6369374366428858,top_k,3.0
CBPA2_HUMAN_Tsuboyama_2023_1O6X,CBPA2_HUMAN_1O6X,GEMME,0.4896876534920937,0.54208179702196,top_k,4.0
CBPA2_HUMAN_Tsuboyama_2023_1O6X,CBPA2_HUMAN_1O6X,Progen2_xlarge,0.4900828185069716,0.5413805634718741,top_k,5.0
CBPA2_HUMAN_Tsuboyama_2023_1O6X,CBPA2_HUMAN_1O6X,MLP,0.813303240696466,0.7414404937232624,baseline,
CBPA2_HUMAN_Tsuboyama_2023_1O6X,CBPA2_HUMAN_1O6X,Linear_regression,0.8133287429310994,0.7421979100918716,baseline,
CBX4_HUMAN_Tsuboyama_2023_2K28,CBX4_HUMAN_2K28,ESM-IF1,0.1605798413525008,0.3801701974204335,top_k,1.0
CBX4_HUMAN_Tsuboyama_2023_2K28,CBX4_HUMAN_2K28,S2F_MSA,0.3473399245220211,0.3774882451811232,top_k,2.0
CBX4_HUMAN_Tsuboyama_2023_2K28,CBX4_HUMAN_2K28,ESM3,0.2397848130277721,0.3681145513723461,top_k,3.0
CBX4_HUMAN_Tsuboyama_2023_2K28,CBX4_HUMAN_2K28,DeepSequence_ensemble,0.466979960382257,0.3641301812303693,top_k,4.0
CBX4_HUMAN_Tsuboyama_2023_2K28,CBX4_HUMAN_2K28,EVE_single,0.2183578180736093,0.3551272950109636,top_k,5.0
CBX4_HUMAN_Tsuboyama_2023_2K28,CBX4_HUMAN_2K28,MLP,0.5455752831685116,0.443969390186854,baseline,
CBX4_HUMAN_Tsuboyama_2023_2K28,CBX4_HUMAN_2K28,Linear_regression,0.5518904169698101,0.4441436477324453,baseline,
CSN4_MOUSE_Tsuboyama_2023_1UFM,CSN4_MOUSE_1UFM,SaProt_35M_AF2,0.6122926829268293,0.8042926829268292,top_k,1.0
CSN4_MOUSE_Tsuboyama_2023_1UFM,CSN4_MOUSE_1UFM,ESM3,0.5442391817466561,0.8009567269866247,top_k,2.0
CSN4_MOUSE_Tsuboyama_2023_1UFM,CSN4_MOUSE_1UFM,VenusREM,0.6649189614476789,0.791194335169158,top_k,3.0
CSN4_MOUSE_Tsuboyama_2023_1UFM,CSN4_MOUSE_1UFM,ProSST-1024,0.393831628638867,0.7845538945712036,top_k,4.0
CSN4_MOUSE_Tsuboyama_2023_1UFM,CSN4_MOUSE_1UFM,ESM-IF1,0.4869866247049567,0.7661746656176238,top_k,5.0
CSN4_MOUSE_Tsuboyama_2023_1UFM,CSN4_MOUSE_1UFM,MLP,0.6153148775789802,0.632068134374902,baseline,
CSN4_MOUSE_Tsuboyama_2023_1UFM,CSN4_MOUSE_1UFM,Linear_regression,0.7822929976396538,0.7691644374508261,baseline,
CUE1_YEAST_Tsuboyama_2023_2MYX,CUE1_YEAST_2MYX,SaProt_35M_AF2,0.4622484323188548,0.6378861748580058,top_k,1.0
CUE1_YEAST_Tsuboyama_2023_2MYX,CUE1_YEAST_2MYX,VenusREM,0.6095571095571095,0.5703814964378345,top_k,2.0
CUE1_YEAST_Tsuboyama_2023_2MYX,CUE1_YEAST_2MYX,ESM1v_ensemble,0.4131865786795364,0.5001272201976427,top_k,3.0
CUE1_YEAST_Tsuboyama_2023_2MYX,CUE1_YEAST_2MYX,ProSST-1024,0.2872549985226041,0.4875283167536688,top_k,4.0
CUE1_YEAST_Tsuboyama_2023_2MYX,CUE1_YEAST_2MYX,Unirep,0.0796316359696641,0.4692947897173248,top_k,5.0
CUE1_YEAST_Tsuboyama_2023_2MYX,CUE1_YEAST_2MYX,MLP,0.6496259765216106,0.5007157162086739,baseline,
CUE1_YEAST_Tsuboyama_2023_2MYX,CUE1_YEAST_2MYX,Linear_regression,0.6650018456746762,0.5002134016218522,baseline,
DNJA1_HUMAN_Tsuboyama_2023_2LO1,DNJA1_HUMAN_2LO1,ESM2_150M,0.4708967223252937,0.5169202226345083,top_k,1.0
DNJA1_HUMAN_Tsuboyama_2023_2LO1,DNJA1_HUMAN_2LO1,ESM1b,0.5016202844774273,0.5162646876932591,top_k,2.0
DNJA1_HUMAN_Tsuboyama_2023_2LO1,DNJA1_HUMAN_2LO1,ProSST-1024,0.6066048237476808,0.5093506493506493,top_k,3.0
DNJA1_HUMAN_Tsuboyama_2023_2LO1,DNJA1_HUMAN_2LO1,ESM-IF1,0.2433395176252318,0.4961286332714904,top_k,4.0
DNJA1_HUMAN_Tsuboyama_2023_2LO1,DNJA1_HUMAN_2LO1,Tranception_M,0.6547309833024119,0.4905009276437847,top_k,5.0
DNJA1_HUMAN_Tsuboyama_2023_2LO1,DNJA1_HUMAN_2LO1,MLP,0.6930439084724798,0.71178231292517,baseline,
DNJA1_HUMAN_Tsuboyama_2023_2LO1,DNJA1_HUMAN_2LO1,Linear_regression,0.6987482993197278,0.7134199134199134,baseline,
DOCK1_MOUSE_Tsuboyama_2023_2M0Y,DOCK1_MOUSE_2M0Y,VenusREM,0.4137229965765572,0.4062307080585913,top_k,1.0
DOCK1_MOUSE_Tsuboyama_2023_2M0Y,DOCK1_MOUSE_2M0Y,EVE_single,0.4227898781305227,0.382643050241907,top_k,2.0
DOCK1_MOUSE_Tsuboyama_2023_2M0Y,DOCK1_MOUSE_2M0Y,SiteRM,0.3831513250618665,0.3708314846601599,top_k,3.0
DOCK1_MOUSE_Tsuboyama_2023_2M0Y,DOCK1_MOUSE_2M0Y,S2F_MSA,0.3555715920967501,0.3479967089205407,top_k,4.0
DOCK1_MOUSE_Tsuboyama_2023_2M0Y,DOCK1_MOUSE_2M0Y,ESCOTT,0.3678346996664377,0.3416858729865497,top_k,5.0
DOCK1_MOUSE_Tsuboyama_2023_2M0Y,DOCK1_MOUSE_2M0Y,MLP,0.6754109346427221,0.5500492920684773,baseline,
DOCK1_MOUSE_Tsuboyama_2023_2M0Y,DOCK1_MOUSE_2M0Y,Linear_regression,0.6823497512902865,0.5490882290964038,baseline,
EPHB2_HUMAN_Tsuboyama_2023_1F0M,EPHB2_HUMAN_1F0M,MULAN_small,0.5768674429019257,0.6935042543663233,top_k,1.0
EPHB2_HUMAN_Tsuboyama_2023_1F0M,EPHB2_HUMAN_1F0M,S3F,0.4853716972682489,0.6300156739811913,top_k,2.0
EPHB2_HUMAN_Tsuboyama_2023_1F0M,EPHB2_HUMAN_1F0M,VespaG,0.5372122704881326,0.6132064487236901,top_k,3.0
EPHB2_HUMAN_Tsuboyama_2023_1F0M,EPHB2_HUMAN_1F0M,ESM-IF1,0.4235333631885356,0.6023936408419167,top_k,4.0
EPHB2_HUMAN_Tsuboyama_2023_1F0M,EPHB2_HUMAN_1F0M,ProSST-1024,0.4814442454097627,0.5609314823107927,top_k,5.0
EPHB2_HUMAN_Tsuboyama_2023_1F0M,EPHB2_HUMAN_1F0M,MLP,0.5411267353336319,0.6894805194805195,baseline,
EPHB2_HUMAN_Tsuboyama_2023_1F0M,EPHB2_HUMAN_1F0M,Linear_regression,0.5410058217644425,0.6889565606806987,baseline,
FECA_ECOLI_Tsuboyama_2023_2D1U,FECA_ECOLI_2D1U,MULAN_small,0.2779835675787507,0.4720388706931828,top_k,1.0
FECA_ECOLI_Tsuboyama_2023_2D1U,FECA_ECOLI_2D1U,EVmutation,0.2860998116706842,0.4434174306673693,top_k,2.0
FECA_ECOLI_Tsuboyama_2023_2D1U,FECA_ECOLI_2D1U,CARP_76M,0.4674447295922015,0.4387815485906483,top_k,3.0
FECA_ECOLI_Tsuboyama_2023_2D1U,FECA_ECOLI_2D1U,SaProt_35M_AF2,0.472623026382844,0.409239091577053,top_k,4.0
FECA_ECOLI_Tsuboyama_2023_2D1U,FECA_ECOLI_2D1U,ESMC-300M,0.3831964939195609,0.4034438380235911,top_k,5.0
FECA_ECOLI_Tsuboyama_2023_2D1U,FECA_ECOLI_2D1U,MLP,0.7718957221244402,0.7480396556523908,baseline,
FECA_ECOLI_Tsuboyama_2023_2D1U,FECA_ECOLI_2D1U,Linear_regression,0.7730518635935615,0.7445474999201348,baseline,
HECD1_HUMAN_Tsuboyama_2023_3DKM,HECD1_HUMAN_3DKM,ESM-IF1,0.1266196965372958,0.2092126562671391,top_k,1.0
HECD1_HUMAN_Tsuboyama_2023_3DKM,HECD1_HUMAN_3DKM,ESM2_150M,0.2080242366799986,0.2039037489781555,top_k,2.0
HECD1_HUMAN_Tsuboyama_2023_3DKM,HECD1_HUMAN_3DKM,ESM3,0.1013385048809758,0.1641916554627296,top_k,3.0
HECD1_HUMAN_Tsuboyama_2023_3DKM,HECD1_HUMAN_3DKM,Progen3_3b,-0.0302859644883996,0.1565834106726986,top_k,4.0
HECD1_HUMAN_Tsuboyama_2023_3DKM,HECD1_HUMAN_3DKM,ProtSSN_k30_h1280,0.2054368231960164,0.1305729507672688,top_k,5.0
HECD1_HUMAN_Tsuboyama_2023_3DKM,HECD1_HUMAN_3DKM,MLP,0.6454933752191163,0.53182256814882,baseline,
HECD1_HUMAN_Tsuboyama_2023_3DKM,HECD1_HUMAN_3DKM,Linear_regression,0.6523032914128721,0.5319685084781629,baseline,
ISDH_STAAW_Tsuboyama_2023_2LHR,ISDH_STAAW_2LHR,S3F,0.3453639383871942,0.2047719722138326,top_k,1.0
ISDH_STAAW_Tsuboyama_2023_2LHR,ISDH_STAAW_2LHR,Unirep,0.1046511627906976,0.1922379945635759,top_k,2.0
ISDH_STAAW_Tsuboyama_2023_2LHR,ISDH_STAAW_2LHR,ProteinMPNN,0.2124735729386892,0.1472364844457867,top_k,3.0
ISDH_STAAW_Tsuboyama_2023_2LHR,ISDH_STAAW_2LHR,SaProt_35M_AF2,0.3781334944125641,0.115524010872848,top_k,4.0
ISDH_STAAW_Tsuboyama_2023_2LHR,ISDH_STAAW_2LHR,CARP_76M,0.2666868015705225,0.1035940803382663,top_k,5.0
ISDH_STAAW_Tsuboyama_2023_2LHR,ISDH_STAAW_2LHR,MLP,0.8074901842343702,0.4294774992449411,baseline,
ISDH_STAAW_Tsuboyama_2023_2LHR,ISDH_STAAW_2LHR,Linear_regression,0.8030504379341588,0.4291754756871036,baseline,
MAFG_MOUSE_Tsuboyama_2023_1K1V,MAFG_MOUSE_1K1V,RSALOR,0.3343670499868308,0.4566275170459066,top_k,1.0
MAFG_MOUSE_Tsuboyama_2023_1K1V,MAFG_MOUSE_1K1V,DeepSequence_ensemble,0.4050918672553767,0.4565945022076627,top_k,2.0
MAFG_MOUSE_Tsuboyama_2023_1K1V,MAFG_MOUSE_1K1V,EVmutation,0.2848206706522706,0.4427248931646489,top_k,3.0
MAFG_MOUSE_Tsuboyama_2023_1K1V,MAFG_MOUSE_1K1V,EVE_single,0.3329511465603191,0.4334567725395243,top_k,4.0
MAFG_MOUSE_Tsuboyama_2023_1K1V,MAFG_MOUSE_1K1V,Site_Independent,0.2878335250755301,0.4266730176579271,top_k,5.0
MAFG_MOUSE_Tsuboyama_2023_1K1V,MAFG_MOUSE_1K1V,MLP,0.6734339837629968,0.5345947870673694,baseline,
MAFG_MOUSE_Tsuboyama_2023_1K1V,MAFG_MOUSE_1K1V,Linear_regression,0.6732773109243698,0.5349024355504914,baseline,
MBD11_ARATH_Tsuboyama_2023_6ACV,MBD11_ARATH_6ACV,ESM3,0.6391393306274538,0.605828731119835,top_k,1.0
MBD11_ARATH_Tsuboyama_2023_6ACV,MBD11_ARATH_6ACV,ProSST-1024,0.5206517399693925,0.562870117772307,top_k,2.0
MBD11_ARATH_Tsuboyama_2023_6ACV,MBD11_ARATH_6ACV,ProtSSN_k30_h1280,0.5766102202408678,0.557696786213321,top_k,3.0
MBD11_ARATH_Tsuboyama_2023_6ACV,MBD11_ARATH_6ACV,S2F_MSA,0.5940847694457384,0.5238039789739838,top_k,4.0
MBD11_ARATH_Tsuboyama_2023_6ACV,MBD11_ARATH_6ACV,VenusREM,0.5877719741832458,0.5147797591323443,top_k,5.0
MBD11_ARATH_Tsuboyama_2023_6ACV,MBD11_ARATH_6ACV,MLP,0.6892341473151908,0.7640395235877305,baseline,
MBD11_ARATH_Tsuboyama_2023_6ACV,MBD11_ARATH_6ACV,Linear_regression,0.6949447734380199,0.7635238538824939,baseline,
MYO3_YEAST_Tsuboyama_2023_2BTT,MYO3_YEAST_2BTT,VenusREM,0.5927165353346967,0.5899810773019577,top_k,1.0
MYO3_YEAST_Tsuboyama_2023_2BTT,MYO3_YEAST_2BTT,ProSST-1024,0.53825149822392,0.5662171370230221,top_k,2.0
MYO3_YEAST_Tsuboyama_2023_2BTT,MYO3_YEAST_2BTT,ESMC-300M,0.5868789262416801,0.5643194632098237,top_k,3.0
MYO3_YEAST_Tsuboyama_2023_2BTT,MYO3_YEAST_2BTT,ESM2_150M,0.5367542737861788,0.5467302937078593,top_k,4.0
MYO3_YEAST_Tsuboyama_2023_2BTT,MYO3_YEAST_2BTT,xTrimoPGLM-10B-MLM,0.4895209281592135,0.4911671379225561,top_k,5.0
MYO3_YEAST_Tsuboyama_2023_2BTT,MYO3_YEAST_2BTT,MLP,0.7790956961587365,0.6691765693225382,baseline,
MYO3_YEAST_Tsuboyama_2023_2BTT,MYO3_YEAST_2BTT,Linear_regression,0.7793765896168345,0.669004892965444,baseline,
NKX31_HUMAN_Tsuboyama_2023_2L9R,NKX31_HUMAN_2L9R,Unirep,0.3781717285339333,0.1771548556430446,top_k,1.0
NKX31_HUMAN_Tsuboyama_2023_2L9R,NKX31_HUMAN_2L9R,ProteinMPNN,0.2806839145106862,0.1710776152980877,top_k,2.0
NKX31_HUMAN_Tsuboyama_2023_2L9R,NKX31_HUMAN_2L9R,MIF,0.2749786276715411,0.1160284964379452,top_k,3.0
NKX31_HUMAN_Tsuboyama_2023_2L9R,NKX31_HUMAN_2L9R,ESM-IF1,0.2965999250093739,0.1159565054368204,top_k,4.0
NKX31_HUMAN_Tsuboyama_2023_2L9R,NKX31_HUMAN_2L9R,ESM2_150M,0.3967994000749907,0.0856962879640045,top_k,5.0
NKX31_HUMAN_Tsuboyama_2023_2L9R,NKX31_HUMAN_2L9R,MLP,0.6057484814398201,0.2976185976752906,baseline,
NKX31_HUMAN_Tsuboyama_2023_2L9R,NKX31_HUMAN_2L9R,Linear_regression,0.608240569928759,0.2983877015373078,baseline,
NUSA_ECOLI_Tsuboyama_2023_1WCL,NUSA_ECOLI_1WCL,MULAN_small,0.4825515947467167,0.3088180112570357,top_k,1.0
NUSA_ECOLI_Tsuboyama_2023_1WCL,NUSA_ECOLI_1WCL,xTrimoPGLM-10B-MLM,0.4497185741088181,0.2560975609756098,top_k,2.0
NUSA_ECOLI_Tsuboyama_2023_1WCL,NUSA_ECOLI_1WCL,ProSST-1024,0.5799249530956848,0.1354596622889305,top_k,3.0
NUSA_ECOLI_Tsuboyama_2023_1WCL,NUSA_ECOLI_1WCL,ProtSSN_k30_h1280,0.4551594746716699,0.1,top_k,4.0
NUSA_ECOLI_Tsuboyama_2023_1WCL,NUSA_ECOLI_1WCL,GEMME,0.5463414634146342,0.0397748592870544,top_k,5.0
NUSA_ECOLI_Tsuboyama_2023_1WCL,NUSA_ECOLI_1WCL,MLP,0.0,0.0,baseline,
NUSA_ECOLI_Tsuboyama_2023_1WCL,NUSA_ECOLI_1WCL,Linear_regression,0.8875422138836775,0.7795497185741089,baseline,
NUSG_MYCTU_Tsuboyama_2023_2MI6,NUSG_MYCTU_2MI6,ESM-IF1,0.8077922077922077,0.7,top_k,1.0
NUSG_MYCTU_Tsuboyama_2023_2MI6,NUSG_MYCTU_2MI6,Site_Independent,0.6701298701298701,0.612987012987013,top_k,2.0
NUSG_MYCTU_Tsuboyama_2023_2MI6,NUSG_MYCTU_2MI6,EVE_single,0.6766233766233766,0.6116883116883116,top_k,3.0
NUSG_MYCTU_Tsuboyama_2023_2MI6,NUSG_MYCTU_2MI6,VenusREM,0.5506493506493506,0.6116883116883116,top_k,4.0
NUSG_MYCTU_Tsuboyama_2023_2MI6,NUSG_MYCTU_2MI6,ProSST-1024,0.7090909090909091,0.6051948051948052,top_k,5.0
NUSG_MYCTU_Tsuboyama_2023_2MI6,NUSG_MYCTU_2MI6,MLP,0.0,0.5207405894640885,baseline,
NUSG_MYCTU_Tsuboyama_2023_2MI6,NUSG_MYCTU_2MI6,Linear_regression,0.6051948051948053,0.5675324675324676,baseline,
OBSCN_HUMAN_Tsuboyama_2023_1V1C,OBSCN_HUMAN_1V1C,S3F,0.7627990454668543,0.6104998941641271,top_k,1.0
OBSCN_HUMAN_Tsuboyama_2023_1V1C,OBSCN_HUMAN_1V1C,ESMC-300M,0.703995570864427,0.5955620376284775,top_k,2.0
OBSCN_HUMAN_Tsuboyama_2023_1V1C,OBSCN_HUMAN_1V1C,ESM2_150M,0.7382364018641303,0.5922879941914434,top_k,3.0
OBSCN_HUMAN_Tsuboyama_2023_1V1C,OBSCN_HUMAN_1V1C,S2F_MSA,0.7143364149901436,0.5749372671167351,top_k,4.0
OBSCN_HUMAN_Tsuboyama_2023_1V1C,OBSCN_HUMAN_1V1C,CARP_76M,0.6550159995459108,0.5667536117230672,top_k,5.0
OBSCN_HUMAN_Tsuboyama_2023_1V1C,OBSCN_HUMAN_1V1C,MLP,0.8874735262502526,0.7121061752571102,baseline,
OBSCN_HUMAN_Tsuboyama_2023_1V1C,OBSCN_HUMAN_1V1C,Linear_regression,0.887338807235626,0.7122973006531077,baseline,
ODP2_GEOSE_Tsuboyama_2023_1W4G,ODP2_GEOSE_1W4G,EVE_single,0.7999999999999999,1.0,top_k,1.0
ODP2_GEOSE_Tsuboyama_2023_1W4G,ODP2_GEOSE_1W4G,ProtGPT2,1.0,1.0,top_k,2.0
ODP2_GEOSE_Tsuboyama_2023_1W4G,ODP2_GEOSE_1W4G,ProteinMPNN,0.3999999999999999,1.0,top_k,3.0
ODP2_GEOSE_Tsuboyama_2023_1W4G,ODP2_GEOSE_1W4G,RSALOR,0.7999999999999999,1.0,top_k,4.0
ODP2_GEOSE_Tsuboyama_2023_1W4G,ODP2_GEOSE_1W4G,VESPAl,0.3999999999999999,1.0,top_k,5.0
ODP2_GEOSE_Tsuboyama_2023_1W4G,ODP2_GEOSE_1W4G,MLP,0.92,1.0,baseline,
ODP2_GEOSE_Tsuboyama_2023_1W4G,ODP2_GEOSE_1W4G,Linear_regression,0.96,1.0,baseline,
PIN1_HUMAN_Tsuboyama_2023_1I6C,PIN1_HUMAN_1I6C,ProSST-1024,0.4816849816849816,0.3748473748473748,top_k,1.0
PIN1_HUMAN_Tsuboyama_2023_1I6C,PIN1_HUMAN_1I6C,ESM3,0.2417582417582417,0.2692307692307693,top_k,2.0
PIN1_HUMAN_Tsuboyama_2023_1I6C,PIN1_HUMAN_1I6C,SaProt_35M_AF2,0.4871794871794871,0.2423687423687423,top_k,3.0
PIN1_HUMAN_Tsuboyama_2023_1I6C,PIN1_HUMAN_1I6C,Progen3_3b,0.3107448107448107,0.2289377289377289,top_k,4.0
PIN1_HUMAN_Tsuboyama_2023_1I6C,PIN1_HUMAN_1I6C,MULAN_small,0.0537240537240537,0.2203907203907203,top_k,5.0
PIN1_HUMAN_Tsuboyama_2023_1I6C,PIN1_HUMAN_1I6C,MLP,0.5671550671550671,0.3704517704517704,baseline,
PIN1_HUMAN_Tsuboyama_2023_1I6C,PIN1_HUMAN_1I6C,Linear_regression,0.5661782661782662,0.3730158730158729,baseline,
PITX2_HUMAN_Tsuboyama_2023_2L7M,PITX2_HUMAN_2L7M,ESM2_150M,0.4668530298873012,0.382839734042607,top_k,1.0
PITX2_HUMAN_Tsuboyama_2023_2L7M,PITX2_HUMAN_2L7M,S3F,0.5047955961311239,0.3708206225314551,top_k,2.0
PITX2_HUMAN_Tsuboyama_2023_2L7M,PITX2_HUMAN_2L7M,ProSST-1024,0.5264636110793306,0.3640755024162757,top_k,3.0
PITX2_HUMAN_Tsuboyama_2023_2L7M,PITX2_HUMAN_2L7M,Site_Independent,0.4145201315814786,0.3523550715466696,top_k,4.0
PITX2_HUMAN_Tsuboyama_2023_2L7M,PITX2_HUMAN_2L7M,EVmutation,0.3988581287202193,0.330727555668503,top_k,5.0
PITX2_HUMAN_Tsuboyama_2023_2L7M,PITX2_HUMAN_2L7M,MLP,0.6522884145128816,0.619539383826899,baseline,
PITX2_HUMAN_Tsuboyama_2023_2L7M,PITX2_HUMAN_2L7M,Linear_regression,0.6719533481662693,0.6192135688084263,baseline,
POLG_PESV_Tsuboyama_2023_2MXD,POLG_PESV_2MXD,SaProt_35M_AF2,0.6881670493361516,0.7567130282683519,top_k,1.0
POLG_PESV_Tsuboyama_2023_2MXD,POLG_PESV_2MXD,ProSST-1024,0.7658835324806096,0.737081432645107,top_k,2.0
POLG_PESV_Tsuboyama_2023_2MXD,POLG_PESV_2MXD,VenusREM,0.6991408382848883,0.6668636799638887,top_k,3.0
POLG_PESV_Tsuboyama_2023_2MXD,POLG_PESV_2MXD,S3F,0.5741692672277222,0.6507735493643635,top_k,4.0
POLG_PESV_Tsuboyama_2023_2MXD,POLG_PESV_2MXD,ProtSSN_k30_h1280,0.6089244093941379,0.6138403378486885,top_k,5.0
POLG_PESV_Tsuboyama_2023_2MXD,POLG_PESV_2MXD,MLP,0.8136441130386849,0.7859238972391371,baseline,
POLG_PESV_Tsuboyama_2023_2MXD,POLG_PESV_2MXD,Linear_regression,0.8134928102986558,0.7857597038181589,baseline,
PR40A_HUMAN_Tsuboyama_2023_1UZC,PR40A_HUMAN_1UZC,SaProt_35M_AF2,0.7307202055570949,0.5084767110864801,top_k,1.0
PR40A_HUMAN_Tsuboyama_2023_1UZC,PR40A_HUMAN_1UZC,ESM-IF1,0.6823538302642518,0.48161322014258,top_k,2.0
PR40A_HUMAN_Tsuboyama_2023_1UZC,PR40A_HUMAN_1UZC,MIFST,0.5506259918885558,0.4188578482001159,top_k,3.0
PR40A_HUMAN_Tsuboyama_2023_1UZC,PR40A_HUMAN_1UZC,S3F,0.6585132377761543,0.4140413633272036,top_k,4.0
PR40A_HUMAN_Tsuboyama_2023_1UZC,PR40A_HUMAN_1UZC,Unirep,0.4534901881754289,0.3858981787036804,top_k,5.0
PR40A_HUMAN_Tsuboyama_2023_1UZC,PR40A_HUMAN_1UZC,MLP,0.4713917928306925,0.1212293120386931,baseline,
PR40A_HUMAN_Tsuboyama_2023_1UZC,PR40A_HUMAN_1UZC,Linear_regression,0.4953915913041287,0.1216263193692218,baseline,
PSAE_PICP2_Tsuboyama_2023_1PSE,PSAE_PICP2_1PSE,ProtGPT2,0.14859287054409,0.2566604127579737,top_k,1.0
PSAE_PICP2_Tsuboyama_2023_1PSE,PSAE_PICP2_1PSE,ProteinMPNN,-0.0283302063789868,0.2416510318949343,top_k,2.0
PSAE_PICP2_Tsuboyama_2023_1PSE,PSAE_PICP2_1PSE,ProtSSN_k30_h1280,0.1919324577861163,0.1656660412757973,top_k,3.0
PSAE_PICP2_Tsuboyama_2023_1PSE,PSAE_PICP2_1PSE,VespaG,0.2112570356472796,0.1574108818011257,top_k,4.0
PSAE_PICP2_Tsuboyama_2023_1PSE,PSAE_PICP2_1PSE,VenusREM,0.1217636022514071,0.1350844277673546,top_k,5.0
PSAE_PICP2_Tsuboyama_2023_1PSE,PSAE_PICP2_1PSE,MLP,0.5534709193245779,0.4834896810506567,baseline,
PSAE_PICP2_Tsuboyama_2023_1PSE,PSAE_PICP2_1PSE,Linear_regression,0.5536585365853659,0.4833020637898687,baseline,
RAD_ANTMA_Tsuboyama_2023_2CJJ,RAD_ANTMA_2CJJ,ESM2_150M,0.2088849983586825,0.5301455301455302,top_k,1.0
RAD_ANTMA_Tsuboyama_2023_2CJJ,RAD_ANTMA_2CJJ,ProtSSN_k30_h1280,0.2911697122223438,0.513294671189408,top_k,2.0
RAD_ANTMA_Tsuboyama_2023_2CJJ,RAD_ANTMA_2CJJ,Unirep,0.3487252434620856,0.5093555093555093,top_k,3.0
RAD_ANTMA_Tsuboyama_2023_2CJJ,RAD_ANTMA_2CJJ,MSA_Transformer_ensemble,0.1863442389758179,0.4944742313163366,top_k,4.0
RAD_ANTMA_Tsuboyama_2023_2CJJ,RAD_ANTMA_2CJJ,PoET,0.3784877995404311,0.4859393806762227,top_k,5.0
RAD_ANTMA_Tsuboyama_2023_2CJJ,RAD_ANTMA_2CJJ,MLP,0.1636487233368026,0.5806981070138965,baseline,
RAD_ANTMA_Tsuboyama_2023_2CJJ,RAD_ANTMA_2CJJ,Linear_regression,0.2565569530308612,0.5831053725790568,baseline,
RBP1_HUMAN_Tsuboyama_2023_2KWH,RBP1_HUMAN_2KWH,RITA_xl,0.2198290598290598,0.6868376068376068,top_k,1.0
RBP1_HUMAN_Tsuboyama_2023_2KWH,RBP1_HUMAN_2KWH,xTrimoPGLM-10B-MLM,0.2410256410256409,0.669059829059829,top_k,2.0
RBP1_HUMAN_Tsuboyama_2023_2KWH,RBP1_HUMAN_2KWH,ESMC-300M,0.3697623199210724,0.6373739193854876,top_k,3.0
RBP1_HUMAN_Tsuboyama_2023_2KWH,RBP1_HUMAN_2KWH,ProSST-1024,0.4905982905982905,0.6369230769230768,top_k,4.0
RBP1_HUMAN_Tsuboyama_2023_2KWH,RBP1_HUMAN_2KWH,MIFST,0.2929914529914529,0.6321367521367521,top_k,5.0
RBP1_HUMAN_Tsuboyama_2023_2KWH,RBP1_HUMAN_2KWH,MLP,0.8579145299145299,0.7407179487179485,baseline,
RBP1_HUMAN_Tsuboyama_2023_2KWH,RBP1_HUMAN_2KWH,Linear_regression,0.8618803418803418,0.7347008547008547,baseline,
RCD1_ARATH_Tsuboyama_2023_5OAO,RCD1_ARATH_5OAO,RSALOR,-0.142857158112358,0.0194271279760892,top_k,1.0
RCD1_ARATH_Tsuboyama_2023_5OAO,RCD1_ARATH_5OAO,ProteinMPNN,-0.1129479283314669,0.0037513997760358,top_k,2.0
RCD1_ARATH_Tsuboyama_2023_5OAO,RCD1_ARATH_5OAO,ESCOTT,-0.1009238521836506,-0.0297452407614781,top_k,3.0
RCD1_ARATH_Tsuboyama_2023_5OAO,RCD1_ARATH_5OAO,GEMME,-0.1368840985442329,-0.0544652855543113,top_k,4.0
RCD1_ARATH_Tsuboyama_2023_5OAO,RCD1_ARATH_5OAO,ESM-IF1,-0.1683930571108622,-0.0575447928331466,top_k,5.0
RCD1_ARATH_Tsuboyama_2023_5OAO,RCD1_ARATH_5OAO,MLP,0.0976206317259897,0.1299468085106382,baseline,
RCD1_ARATH_Tsuboyama_2023_5OAO,RCD1_ARATH_5OAO,Linear_regression,0.115349378121172,0.1302071668533034,baseline,
RCRO_LAMBD_Tsuboyama_2023_1ORC,RCRO_LAMBD_1ORC,VenusREM,0.6750949538795443,0.5537710255018992,top_k,1.0
RCRO_LAMBD_Tsuboyama_2023_1ORC,RCRO_LAMBD_1ORC,SaProt_35M_AF2,0.5319994574064026,0.5314975583288117,top_k,2.0
RCRO_LAMBD_Tsuboyama_2023_1ORC,RCRO_LAMBD_1ORC,ProteinMPNN,0.531456863809007,0.4829896907216495,top_k,3.0
RCRO_LAMBD_Tsuboyama_2023_1ORC,RCRO_LAMBD_1ORC,ESM-IF1,0.5307243624525231,0.4700217037438958,top_k,4.0
RCRO_LAMBD_Tsuboyama_2023_1ORC,RCRO_LAMBD_1ORC,xTrimoPGLM-10B-MLM,0.7564839934888767,0.4668204015192621,top_k,5.0
RCRO_LAMBD_Tsuboyama_2023_1ORC,RCRO_LAMBD_1ORC,MLP,0.8939202387411829,0.6786787845903419,baseline,
RCRO_LAMBD_Tsuboyama_2023_1ORC,RCRO_LAMBD_1ORC,Linear_regression,0.8943000542593598,0.6796256104177971,baseline,
RD23A_HUMAN_Tsuboyama_2023_1IFY,RD23A_HUMAN_1IFY,ProSST-1024,0.4805194805194805,0.761344537815126,top_k,1.0
RD23A_HUMAN_Tsuboyama_2023_1IFY,RD23A_HUMAN_1IFY,S3F,0.3818181818181818,0.6601986249045072,top_k,2.0
RD23A_HUMAN_Tsuboyama_2023_1IFY,RD23A_HUMAN_1IFY,CARP_76M,0.3402597402597402,0.6589763177998471,top_k,3.0
RD23A_HUMAN_Tsuboyama_2023_1IFY,RD23A_HUMAN_1IFY,ProtSSN_k30_h1280,0.4065699006875478,0.6333078686019862,top_k,4.0
RD23A_HUMAN_Tsuboyama_2023_1IFY,RD23A_HUMAN_1IFY,MULAN_small,0.1147440794499618,0.6216959511077158,top_k,5.0
RD23A_HUMAN_Tsuboyama_2023_1IFY,RD23A_HUMAN_1IFY,MLP,0.7536867992134468,0.7655119924176225,baseline,
RD23A_HUMAN_Tsuboyama_2023_1IFY,RD23A_HUMAN_1IFY,Linear_regression,0.7576165011459127,0.7784568372803666,baseline,
RFAH_ECOLI_Tsuboyama_2023_2LCL,RFAH_ECOLI_2LCL,ProtGPT2,-0.0532149338864402,0.1645060928182525,top_k,1.0
RFAH_ECOLI_Tsuboyama_2023_2LCL,RFAH_ECOLI_2LCL,ESM-IF1,0.0865309826289862,0.1438942183043816,top_k,2.0
RFAH_ECOLI_Tsuboyama_2023_2LCL,RFAH_ECOLI_2LCL,ProteinMPNN,0.1709229971480425,0.0592429349235156,top_k,3.0
RFAH_ECOLI_Tsuboyama_2023_2LCL,RFAH_ECOLI_2LCL,Wavenet,-0.2373606429867773,-0.0714285714285714,top_k,4.0
RFAH_ECOLI_Tsuboyama_2023_2LCL,RFAH_ECOLI_2LCL,VenusREM,0.1414311641171895,-0.0857531760435571,top_k,5.0
RFAH_ECOLI_Tsuboyama_2023_2LCL,RFAH_ECOLI_2LCL,MLP,0.7264972776769512,0.479167746953591,baseline,
RFAH_ECOLI_Tsuboyama_2023_2LCL,RFAH_ECOLI_2LCL,Linear_regression,0.7301400051853772,0.4937127301011149,baseline,
RL20_AQUAE_Tsuboyama_2023_1GYZ,RL20_AQUAE_1GYZ,SaProt_35M_AF2,0.7435160696988495,0.7594497230112863,top_k,1.0
RL20_AQUAE_Tsuboyama_2023_1GYZ,RL20_AQUAE_1GYZ,Site_Independent,0.5927993818090792,0.7354621738988475,top_k,2.0
RL20_AQUAE_Tsuboyama_2023_1GYZ,RL20_AQUAE_1GYZ,VenusREM,0.6804780095993732,0.7186578291485727,top_k,3.0
RL20_AQUAE_Tsuboyama_2023_1GYZ,RL20_AQUAE_1GYZ,MULAN_small,0.6777135642842371,0.7088407831869483,top_k,4.0
RL20_AQUAE_Tsuboyama_2023_1GYZ,RL20_AQUAE_1GYZ,SiteRM,0.563935960644747,0.6934295447372144,top_k,5.0
RL20_AQUAE_Tsuboyama_2023_1GYZ,RL20_AQUAE_1GYZ,MLP,0.7855095177457799,0.6885797934284564,baseline,
RL20_AQUAE_Tsuboyama_2023_1GYZ,RL20_AQUAE_1GYZ,Linear_regression,0.7873466766796182,0.6895549678388351,baseline,
RPC1_BP434_Tsuboyama_2023_1R69,RPC1_BP434_1R69,Site_Independent,0.6856256154695473,0.610724836620811,top_k,1.0
RPC1_BP434_Tsuboyama_2023_1R69,RPC1_BP434_1R69,SaProt_35M_AF2,0.538464981647817,0.6082778789054339,top_k,2.0
RPC1_BP434_Tsuboyama_2023_1R69,RPC1_BP434_1R69,GEMME,0.4604607442332368,0.6061442511414161,top_k,3.0
RPC1_BP434_Tsuboyama_2023_1R69,RPC1_BP434_1R69,ESCOTT,0.4737548864551937,0.5890901495031481,top_k,4.0
RPC1_BP434_Tsuboyama_2023_1R69,RPC1_BP434_1R69,Tranception_M,0.640655307212557,0.5412103488406791,top_k,5.0
RPC1_BP434_Tsuboyama_2023_1R69,RPC1_BP434_1R69,MLP,0.1587123795111949,0.5989346781653785,baseline,
RPC1_BP434_Tsuboyama_2023_1R69,RPC1_BP434_1R69,Linear_regression,0.3369721189162918,0.5994897197935005,baseline,
SAV1_MOUSE_Tsuboyama_2023_2YSB,SAV1_MOUSE_2YSB,ProteinMPNN,0.4292227529309596,0.6329787234042553,top_k,1.0
SAV1_MOUSE_Tsuboyama_2023_2YSB,SAV1_MOUSE_2YSB,ESM-IF1,0.4569040382110291,0.4117455492835432,top_k,2.0
SAV1_MOUSE_Tsuboyama_2023_2YSB,SAV1_MOUSE_2YSB,PoET,0.2953755970473296,0.4003473729917499,top_k,3.0
SAV1_MOUSE_Tsuboyama_2023_2YSB,SAV1_MOUSE_2YSB,ProSST-1024,0.5217108119843682,0.3067737733391228,top_k,4.0
SAV1_MOUSE_Tsuboyama_2023_2YSB,SAV1_MOUSE_2YSB,ESM3,0.3623534520191055,0.2475032566217976,top_k,5.0
SAV1_MOUSE_Tsuboyama_2023_2YSB,SAV1_MOUSE_2YSB,MLP,0.4456795484151106,0.3557750759878419,baseline,
SAV1_MOUSE_Tsuboyama_2023_2YSB,SAV1_MOUSE_2YSB,Linear_regression,0.444051237516283,0.3571428571428571,baseline,
SDA_BACSU_Tsuboyama_2023_1PV0,SDA_BACSU_1PV0,ProSST-1024,0.5407302564887247,0.4815650721394461,top_k,1.0
SDA_BACSU_Tsuboyama_2023_1PV0,SDA_BACSU_1PV0,MULAN_small,0.3539391389170475,0.4459512014740291,top_k,2.0
SDA_BACSU_Tsuboyama_2023_1PV0,SDA_BACSU_1PV0,SaProt_35M_AF2,0.223061670778902,0.3645225662898711,top_k,3.0
SDA_BACSU_Tsuboyama_2023_1PV0,SDA_BACSU_1PV0,VenusREM,0.537950512913694,0.3552907573526129,top_k,4.0
SDA_BACSU_Tsuboyama_2023_1PV0,SDA_BACSU_1PV0,ProtSSN_k30_h1280,0.3651473710383872,0.2232019330693851,top_k,5.0
SDA_BACSU_Tsuboyama_2023_1PV0,SDA_BACSU_1PV0,MLP,0.688502955071438,0.5159267830843677,baseline,
SDA_BACSU_Tsuboyama_2023_1PV0,SDA_BACSU_1PV0,Linear_regression,0.6894031839539939,0.5168856671065801,baseline,
SPA_STAAU_Tsuboyama_2023_1LP1,SPA_STAAU_1LP1,ESCOTT,0.256365570651805,0.348417350580886,top_k,1.0
SPA_STAAU_Tsuboyama_2023_1LP1,SPA_STAAU_1LP1,GEMME,0.0855342126399247,0.3466700263154644,top_k,2.0
SPA_STAAU_Tsuboyama_2023_1LP1,SPA_STAAU_1LP1,ESM-IF1,0.4541293393057111,0.3416573348264278,top_k,3.0
SPA_STAAU_Tsuboyama_2023_1LP1,SPA_STAAU_1LP1,MIF,0.2417133258678611,0.3212066069428891,top_k,4.0
SPA_STAAU_Tsuboyama_2023_1LP1,SPA_STAAU_1LP1,ESM3,0.4309715529546018,0.2988941769316909,top_k,5.0
SPA_STAAU_Tsuboyama_2023_1LP1,SPA_STAAU_1LP1,MLP,0.5902855543113101,0.1627099664053751,baseline,
SPA_STAAU_Tsuboyama_2023_1LP1,SPA_STAAU_1LP1,Linear_regression,0.5885974244120941,0.1635778275475923,baseline,
SPG2_STRSG_Tsuboyama_2023_5UBS,SPG2_STRSG_5UBS,ProSST-1024,0.5656185919343815,0.5816131237183868,top_k,1.0
SPG2_STRSG_Tsuboyama_2023_5UBS,SPG2_STRSG_5UBS,RSALOR,0.3908218795334471,0.4912848545325176,top_k,2.0
SPG2_STRSG_Tsuboyama_2023_5UBS,SPG2_STRSG_5UBS,ESM-IF1,0.3909774436090226,0.4367737525632262,top_k,3.0
SPG2_STRSG_Tsuboyama_2023_5UBS,SPG2_STRSG_5UBS,ESCOTT,0.2215082799363287,0.4042447752602396,top_k,4.0
SPG2_STRSG_Tsuboyama_2023_5UBS,SPG2_STRSG_5UBS,VespaG,-0.0099111414900888,0.3879015721120984,top_k,5.0
SPG2_STRSG_Tsuboyama_2023_5UBS,SPG2_STRSG_5UBS,MLP,0.5862291587606119,0.6068252964771739,baseline,
SPG2_STRSG_Tsuboyama_2023_5UBS,SPG2_STRSG_5UBS,Linear_regression,0.7955051414736547,0.745933014354067,baseline,
SPTN1_CHICK_Tsuboyama_2023_1TUD,SPTN1_CHICK_1TUD,ProSST-1024,0.6532963645823907,0.7853877759931227,top_k,1.0
SPTN1_CHICK_Tsuboyama_2023_1TUD,SPTN1_CHICK_1TUD,S3F,0.6339195830694054,0.7643850104062979,top_k,2.0
SPTN1_CHICK_Tsuboyama_2023_1TUD,SPTN1_CHICK_1TUD,VenusREM,0.6368428196543299,0.7434677857207491,top_k,3.0
SPTN1_CHICK_Tsuboyama_2023_1TUD,SPTN1_CHICK_1TUD,S2F_MSA,0.5779411931046964,0.7304528436340602,top_k,4.0
SPTN1_CHICK_Tsuboyama_2023_1TUD,SPTN1_CHICK_1TUD,EVE_single,0.571864961315718,0.6772110555605827,top_k,5.0
SPTN1_CHICK_Tsuboyama_2023_1TUD,SPTN1_CHICK_1TUD,MLP,0.8749170269769703,0.8332984571531987,baseline,
SPTN1_CHICK_Tsuboyama_2023_1TUD,SPTN1_CHICK_1TUD,Linear_regression,0.8793344727882456,0.8333062335987693,baseline,
SR43C_ARATH_Tsuboyama_2023_2N88,SR43C_ARATH_2N88,EVmutation,0.4222506393861893,0.6550602849835587,top_k,1.0
SR43C_ARATH_Tsuboyama_2023_2N88,SR43C_ARATH_2N88,Site_Independent,0.4791012056996713,0.6544757033248083,top_k,2.0
SR43C_ARATH_Tsuboyama_2023_2N88,SR43C_ARATH_2N88,EVE_single,0.4661673364998173,0.6417975886006577,top_k,3.0
SR43C_ARATH_Tsuboyama_2023_2N88,SR43C_ARATH_2N88,ESM3,0.4079906465906701,0.6369017172086228,top_k,4.0
SR43C_ARATH_Tsuboyama_2023_2N88,SR43C_ARATH_2N88,TranceptEVE_M,0.3879795396419437,0.6313847278041652,top_k,5.0
SR43C_ARATH_Tsuboyama_2023_2N88,SR43C_ARATH_2N88,MLP,0.7782097186700769,0.7980051150895142,baseline,
SR43C_ARATH_Tsuboyama_2023_2N88,SR43C_ARATH_2N88,Linear_regression,0.7773328461819512,0.7974424552429669,baseline,
SRBS1_HUMAN_Tsuboyama_2023_2O2W,SRBS1_HUMAN_2O2W,MIF,0.5565018315018315,0.4520146520146519,top_k,1.0
SRBS1_HUMAN_Tsuboyama_2023_2O2W,SRBS1_HUMAN_2O2W,MULAN_small,0.5258699633699634,0.4221153846153845,top_k,2.0
SRBS1_HUMAN_Tsuboyama_2023_2O2W,SRBS1_HUMAN_2O2W,ESM-IF1,0.5367673992673991,0.4005494505494505,top_k,3.0
SRBS1_HUMAN_Tsuboyama_2023_2O2W,SRBS1_HUMAN_2O2W,ProSST-1024,0.5714743589743589,0.3867673992673992,top_k,4.0
SRBS1_HUMAN_Tsuboyama_2023_2O2W,SRBS1_HUMAN_2O2W,VenusREM,0.6326465201465201,0.3202838827838827,top_k,5.0
SRBS1_HUMAN_Tsuboyama_2023_2O2W,SRBS1_HUMAN_2O2W,MLP,0.7819871794871794,0.704065934065934,baseline,
SRBS1_HUMAN_Tsuboyama_2023_2O2W,SRBS1_HUMAN_2O2W,Linear_regression,0.8121520146520146,0.7042582417582417,baseline,
TCRG1_MOUSE_Tsuboyama_2023_1E0L,TCRG1_MOUSE_1E0L,ESM-IF1,0.8229143492769745,0.6155728587319244,top_k,1.0
TCRG1_MOUSE_Tsuboyama_2023_1E0L,TCRG1_MOUSE_1E0L,MULAN_small,0.3557285873192435,0.5942157953281423,top_k,2.0
TCRG1_MOUSE_Tsuboyama_2023_1E0L,TCRG1_MOUSE_1E0L,ProteinMPNN,0.7530589543937708,0.5345939933259177,top_k,3.0
TCRG1_MOUSE_Tsuboyama_2023_1E0L,TCRG1_MOUSE_1E0L,SaProt_35M_AF2,0.6978865406006673,0.5225806451612903,top_k,4.0
TCRG1_MOUSE_Tsuboyama_2023_1E0L,TCRG1_MOUSE_1E0L,ESM3,0.7115363265744988,0.5047830923248053,top_k,5.0
TCRG1_MOUSE_Tsuboyama_2023_1E0L,TCRG1_MOUSE_1E0L,MLP,0.6881868743047831,0.6378197997775306,baseline,
TCRG1_MOUSE_Tsuboyama_2023_1E0L,TCRG1_MOUSE_1E0L,Linear_regression,0.6895216907675195,0.6378197997775306,baseline,
THO1_YEAST_Tsuboyama_2023_2WQG,THO1_YEAST_2WQG,ESM-IF1,0.2003607503607504,0.3840548340548341,top_k,1.0
THO1_YEAST_Tsuboyama_2023_2WQG,THO1_YEAST_2WQG,Unirep,0.0744588744588744,0.2886724386724387,top_k,2.0
THO1_YEAST_Tsuboyama_2023_2WQG,THO1_YEAST_2WQG,Progen3_3b,0.0942279942279942,0.2873737373737374,top_k,3.0
THO1_YEAST_Tsuboyama_2023_2WQG,THO1_YEAST_2WQG,ProteinMPNN,0.0519480519480519,0.2650793650793651,top_k,4.0
THO1_YEAST_Tsuboyama_2023_2WQG,THO1_YEAST_2WQG,MULAN_small,0.2892496392496393,0.2558441558441559,top_k,5.0
THO1_YEAST_Tsuboyama_2023_2WQG,THO1_YEAST_2WQG,MLP,0.3036652236652237,0.4150072150072151,baseline,
THO1_YEAST_Tsuboyama_2023_2WQG,THO1_YEAST_2WQG,Linear_regression,0.3086580086580087,0.4164502164502165,baseline,
UBE4B_HUMAN_Tsuboyama_2023_3L1X,UBE4B_HUMAN_3L1X,ESCOTT,0.3568588922387505,0.3875761409323965,top_k,1.0
UBE4B_HUMAN_Tsuboyama_2023_3L1X,UBE4B_HUMAN_3L1X,ESM3,0.3672529310845278,0.3850440144166899,top_k,2.0
UBE4B_HUMAN_Tsuboyama_2023_3L1X,UBE4B_HUMAN_3L1X,GEMME,0.3262901721298318,0.364556582187152,top_k,3.0
UBE4B_HUMAN_Tsuboyama_2023_3L1X,UBE4B_HUMAN_3L1X,VenusREM,0.2601213972896912,0.3641136982705381,top_k,4.0
UBE4B_HUMAN_Tsuboyama_2023_3L1X,UBE4B_HUMAN_3L1X,MIF,0.3432839071448919,0.3528328642936074,top_k,5.0
UBE4B_HUMAN_Tsuboyama_2023_3L1X,UBE4B_HUMAN_3L1X,MLP,0.6263708035567456,0.6470258259864089,baseline,
UBE4B_HUMAN_Tsuboyama_2023_3L1X,UBE4B_HUMAN_3L1X,Linear_regression,0.6376482026021255,0.6474129623112083,baseline,
UBR5_HUMAN_Tsuboyama_2023_1I2T,UBR5_HUMAN_1I2T,ESM3,0.6,0.7666666666666667,top_k,1.0
UBR5_HUMAN_Tsuboyama_2023_1I2T,UBR5_HUMAN_1I2T,ESM-IF1,0.2833333333333333,0.75,top_k,2.0
UBR5_HUMAN_Tsuboyama_2023_1I2T,UBR5_HUMAN_1I2T,ESMC-300M,0.65,0.7166666666666667,top_k,3.0
UBR5_HUMAN_Tsuboyama_2023_1I2T,UBR5_HUMAN_1I2T,ProtSSN_k30_h1280,0.1333333333333333,0.7166666666666667,top_k,4.0
UBR5_HUMAN_Tsuboyama_2023_1I2T,UBR5_HUMAN_1I2T,MULAN_small,0.4166666666666666,0.6833333333333333,top_k,5.0
UBR5_HUMAN_Tsuboyama_2023_1I2T,UBR5_HUMAN_1I2T,MLP,0.89,0.8399999999999999,baseline,
UBR5_HUMAN_Tsuboyama_2023_1I2T,UBR5_HUMAN_1I2T,Linear_regression,0.9033333333333332,0.8499999999999999,baseline,
VILI_CHICK_Tsuboyama_2023_1YU5,VILI_CHICK_1YU5,ProSST-1024,0.8469909564954531,0.7413104264805904,top_k,1.0
VILI_CHICK_Tsuboyama_2023_1YU5,VILI_CHICK_1YU5,SaProt_35M_AF2,0.8221628838451269,0.7096002216792201,top_k,2.0
VILI_CHICK_Tsuboyama_2023_1YU5,VILI_CHICK_1YU5,VenusREM,0.7196060155679269,0.6534246920422199,top_k,3.0
VILI_CHICK_Tsuboyama_2023_1YU5,VILI_CHICK_1YU5,ESM-IF1,0.6620903342821877,0.6511474418721818,top_k,4.0
VILI_CHICK_Tsuboyama_2023_1YU5,VILI_CHICK_1YU5,ESM3,0.6493840844396301,0.5887441525534213,top_k,5.0
VILI_CHICK_Tsuboyama_2023_1YU5,VILI_CHICK_1YU5,MLP,0.67112273740322,0.648833916920674,baseline,
VILI_CHICK_Tsuboyama_2023_1YU5,VILI_CHICK_1YU5,Linear_regression,0.6859188524408407,0.6568405672972769,baseline,
YAIA_ECOLI_Tsuboyama_2023_2KVT,YAIA_ECOLI_2KVT,SaProt_35M_AF2,0.6203957721522123,0.485906761004341,top_k,1.0
YAIA_ECOLI_Tsuboyama_2023_2KVT,YAIA_ECOLI_2KVT,CARP_76M,0.1718812600935942,0.4423073904728861,top_k,2.0
YAIA_ECOLI_Tsuboyama_2023_2KVT,YAIA_ECOLI_2KVT,S3F,0.3189009908760103,0.3615867233353572,top_k,3.0
YAIA_ECOLI_Tsuboyama_2023_2KVT,YAIA_ECOLI_2KVT,ProteinMPNN,0.4828288085118686,0.3604384801886753,top_k,4.0
YAIA_ECOLI_Tsuboyama_2023_2KVT,YAIA_ECOLI_2KVT,ProSST-1024,0.5493319124856986,0.3310236298526696,top_k,5.0
YAIA_ECOLI_Tsuboyama_2023_2KVT,YAIA_ECOLI_2KVT,MLP,0.7195349084910073,0.5181376983094392,baseline,
YAIA_ECOLI_Tsuboyama_2023_2KVT,YAIA_ECOLI_2KVT,Linear_regression,0.7265938810605329,0.5192735503430272,baseline,
YNZC_BACSU_Tsuboyama_2023_2JVD,YNZC_BACSU_2JVD,ESM-IF1,0.3544723932783634,0.5342866089134747,top_k,1.0
YNZC_BACSU_Tsuboyama_2023_2JVD,YNZC_BACSU_2JVD,SaProt_35M_AF2,0.3758062832689698,0.5180461329715061,top_k,2.0
YNZC_BACSU_Tsuboyama_2023_2JVD,YNZC_BACSU_2JVD,MIFST,0.4518317503392131,0.4626865671641791,top_k,3.0
YNZC_BACSU_Tsuboyama_2023_2JVD,YNZC_BACSU_2JVD,ProtGPT2,0.214904498486588,0.4438993841978917,top_k,4.0
YNZC_BACSU_Tsuboyama_2023_2JVD,YNZC_BACSU_2JVD,ProteinMPNN,0.2621229516751905,0.44051769126396,top_k,5.0
YNZC_BACSU_Tsuboyama_2023_2JVD,YNZC_BACSU_2JVD,MLP,0.4183822148001253,0.3515332428765265,baseline,
YNZC_BACSU_Tsuboyama_2023_2JVD,YNZC_BACSU_2JVD,Linear_regression,0.4311658490762969,0.3525101763907735,baseline,
