dataset,model,n_double_mutants,n_unique_sequences,n_cached_before,n_scored_sequences,n_masked_forward_examples,batch_size,model_load_seconds,inference_seconds,total_seconds,sequences_per_second,masked_examples_per_second,device,dtype
AMFR_HUMAN_Tsuboyama_2023_4G3O,facebook/esm2_t33_650M_UR50D,2152,2248,0,2248,105656,32,36.882555023767054,2510.2864015959203,2547.495593100786,0.8955153477988921,42.08922134654793,cuda,float16 autocast
BBC1_YEAST_Tsuboyama_2023_1TG0,facebook/esm2_t33_650M_UR50D,985,1099,0,1099,70336,32,34.66709546651691,329.8277706755325,364.7739580543712,3.332042046517482,213.25069097711884,cuda,float16 autocast
BCHB_CHLTE_Tsuboyama_2023_2KRU,facebook/esm2_t33_650M_UR50D,682,759,0,759,39468,32,32.9637836497277,1026.5528916204348,1059.745240422897,0.7393676508980487,38.447117846698525,cuda,float16 autocast
CATR_CHLRE_Tsuboyama_2023_2AMI,facebook/esm2_t33_650M_UR50D,563,657,0,657,47304,32,37.03815848659724,245.04577164631337,282.34026705194265,2.681131755859393,193.0414864218763,cuda,float16 autocast
CBPA2_HUMAN_Tsuboyama_2023_1O6X,facebook/esm2_t33_650M_UR50D,711,788,0,788,56736,32,35.413520748727024,215.54365714639425,251.22381631843746,3.6558719028544706,263.2227770055219,cuda,float16 autocast
CBX4_HUMAN_Tsuboyama_2023_2K28,facebook/esm2_t33_650M_UR50D,1365,1496,0,1496,74800,32,26.807475823909044,1921.9226465234533,1949.0430223923177,0.7783872065330514,38.91936032665257,cuda,float16 autocast
CSN4_MOUSE_Tsuboyama_2023_1UFM,facebook/esm2_t33_650M_UR50D,1942,2015,0,2015,145080,32,33.39585309289396,5826.820871109143,5860.566442867741,0.34581464654094335,24.898654550947924,cuda,float16 autocast
CUE1_YEAST_Tsuboyama_2023_2MYX,facebook/esm2_t33_650M_UR50D,625,702,0,702,36504,32,27.669115096330643,917.0078205037862,944.895235302858,0.7655332749663301,39.80773029824916,cuda,float16 autocast
DNJA1_HUMAN_Tsuboyama_2023_2LO1,facebook/esm2_t33_650M_UR50D,1048,1162,0,1162,75530,32,24.43778205383569,365.7940486231819,390.4779264247045,3.1766509170219432,206.4823096064263,cuda,float16 autocast
DOCK1_MOUSE_Tsuboyama_2023_2M0Y,facebook/esm2_t33_650M_UR50D,1702,1874,0,1874,123684,32,34.34194998536259,456.925711652264,491.64451335556805,4.101323152123638,270.68732804016014,cuda,float16 autocast
EPHB2_HUMAN_Tsuboyama_2023_1F0M,facebook/esm2_t33_650M_UR50D,721,798,0,798,52668,32,26.147856486961246,1944.3374874591827,1970.7077964749187,0.4104225758887202,27.087890008655535,cuda,float16 autocast
FECA_ECOLI_Tsuboyama_2023_2D1U,facebook/esm2_t33_650M_UR50D,667,744,0,744,53568,32,19.088289397768676,203.38090267498046,222.72981420718133,3.65816057562186,263.3875614447739,cuda,float16 autocast
HECD1_HUMAN_Tsuboyama_2023_3DKM,facebook/esm2_t33_650M_UR50D,4342,4624,0,4624,332928,32,33.085243413224816,13263.48053678777,13297.193392870948,0.3486264398831672,25.10110367158804,cuda,float16 autocast
ISDH_STAAW_Tsuboyama_2023_2LHR,facebook/esm2_t33_650M_UR50D,1004,1119,0,1119,61545,32,33.25790795125067,1657.027089284733,1690.6298110559583,0.6753057974948521,37.141818862216866,cuda,float16 autocast
MAFG_MOUSE_Tsuboyama_2023_1K1V,facebook/esm2_t33_650M_UR50D,667,744,0,744,30504,32,37.15522369556129,705.6354067679495,743.505929403007,1.0543688608367505,43.229123294306774,cuda,float16 autocast
MBD11_ARATH_Tsuboyama_2023_6ACV,facebook/esm2_t33_650M_UR50D,961,1076,0,1076,71016,32,33.22404149360955,2622.6452668802813,2656.1475941268727,0.41027279349903684,27.07800437093643,cuda,float16 autocast
MYO3_YEAST_Tsuboyama_2023_2BTT,facebook/esm2_t33_650M_UR50D,2350,2617,0,2617,159637,32,36.46701281610876,5698.964933250099,5736.163416496478,0.4592061945725176,28.011577868923574,cuda,float16 autocast
NKX31_HUMAN_Tsuboyama_2023_2L9R,facebook/esm2_t33_650M_UR50D,1333,1426,0,1426,86986,32,19.520188693888485,2655.943304014392,2675.7437678771093,0.5369090514261492,32.751452136995105,cuda,float16 autocast
NUSA_ECOLI_Tsuboyama_2023_1WCL,facebook/esm2_t33_650M_UR50D,722,799,0,799,55131,32,34.41750962100923,2199.4211857132614,2234.1078685475513,0.3632773955211713,25.06614029096082,cuda,float16 autocast
NUSG_MYCTU_Tsuboyama_2023_2MI6,facebook/esm2_t33_650M_UR50D,361,400,0,400,22000,32,33.303175600245595,598.3821524698287,631.8806179584935,0.6684691352323857,36.76580243778122,cuda,float16 autocast
OBSCN_HUMAN_Tsuboyama_2023_1V1C,facebook/esm2_t33_650M_UR50D,1984,2194,0,2194,142610,32,36.21730632521212,5359.349287576042,5395.988011395559,0.4093780573485098,26.609573727653135,cuda,float16 autocast
ODP2_GEOSE_Tsuboyama_2023_1W4G,facebook/esm2_t33_650M_UR50D,465,563,0,563,24772,32,33.20593276061118,559.7429097788408,593.1511983145028,1.0058189039365342,44.2560317732075,cuda,float16 autocast
PIN1_HUMAN_Tsuboyama_2023_1I6C,facebook/esm2_t33_650M_UR50D,116,155,0,155,6045,32,33.02371641807258,126.5129290735349,159.65298938937485,1.2251712226969873,47.78167768518251,cuda,float16 autocast
PITX2_HUMAN_Tsuboyama_2023_2L7M,facebook/esm2_t33_650M_UR50D,886,982,0,982,51064,32,33.46591142565012,1284.8103456133977,1318.5410289485008,0.7643151406374852,39.74438731314923,cuda,float16 autocast
POLG_PESV_Tsuboyama_2023_2MXD,facebook/esm2_t33_650M_UR50D,4135,4357,0,4357,230921,32,22.71904005203396,6082.182158750482,6105.580093169585,0.7163547368819841,37.96680105474516,cuda,float16 autocast
PR40A_HUMAN_Tsuboyama_2023_1UZC,facebook/esm2_t33_650M_UR50D,870,925,0,925,58275,32,33.54818301089108,2104.462005809881,2138.221685901284,0.43954226659655143,27.69116279558274,cuda,float16 autocast
PSAE_PICP2_Tsuboyama_2023_1PSE,facebook/esm2_t33_650M_UR50D,360,399,0,399,27132,32,36.47088136244565,1061.3328018207103,1098.1727952072397,0.3759423993261282,25.56408315417672,cuda,float16 autocast
RAD_ANTMA_Tsuboyama_2023_2CJJ,facebook/esm2_t33_650M_UR50D,138,190,0,190,10260,32,36.30306356865913,268.91267575789243,305.4087374098599,0.7065490664005027,38.15364958562715,cuda,float16 autocast
RBP1_HUMAN_Tsuboyama_2023_2KWH,facebook/esm2_t33_650M_UR50D,357,396,0,396,20592,32,33.52869161218405,510.56921719014645,544.2892374461517,0.7756049261632659,40.33145616048983,cuda,float16 autocast
RCD1_ARATH_Tsuboyama_2023_5OAO,facebook/esm2_t33_650M_UR50D,273,343,0,343,19551,32,26.968492082320154,580.2526021525264,607.3642628835514,0.5911218643873282,33.69394627007771,cuda,float16 autocast
RCRO_LAMBD_Tsuboyama_2023_1ORC,facebook/esm2_t33_650M_UR50D,1083,1198,0,1198,75474,32,32.9794558538124,2730.1566480267793,2763.429676202126,0.43880266023045034,27.64456759451837,cuda,float16 autocast
RD23A_HUMAN_Tsuboyama_2023_1IFY,facebook/esm2_t33_650M_UR50D,221,260,0,260,11440,32,37.981164866127074,264.7469061072916,302.9093966819346,0.9820700223580031,43.21108098375214,cuda,float16 autocast
RFAH_ECOLI_Tsuboyama_2023_2LCL,facebook/esm2_t33_650M_UR50D,357,396,0,396,21780,32,26.864876077510417,582.5422346945852,609.576964632608,0.6797790381801494,37.38784709990822,cuda,float16 autocast
RL20_AQUAE_Tsuboyama_2023_1GYZ,facebook/esm2_t33_650M_UR50D,340,379,0,379,22361,32,33.696078459732234,639.262935847044,673.10921260342,0.5928702866181547,34.97934691047113,cuda,float16 autocast
RPC1_BP434_Tsuboyama_2023_1R69,facebook/esm2_t33_650M_UR50D,335,374,0,374,22814,32,36.89927872642875,831.7466124715284,868.8687779335305,0.4496561745994517,27.429026650566552,cuda,float16 autocast
SAV1_MOUSE_Tsuboyama_2023_2YSB,facebook/esm2_t33_650M_UR50D,286,325,0,325,13975,32,33.6288570035249,313.74828916136175,347.57279350142926,1.0358622221294456,44.54207555156616,cuda,float16 autocast
SDA_BACSU_Tsuboyama_2023_1PV0,facebook/esm2_t33_650M_UR50D,1936,2009,0,2009,88396,32,37.159715946763754,2091.716500367038,2129.2612668303773,0.9604552049225966,42.26002901659425,cuda,float16 autocast
SPA_STAAU_Tsuboyama_2023_1LP1,facebook/esm2_t33_650M_UR50D,1070,1185,0,1185,65175,32,31.374822332523763,1870.867487535812,1903.0071426164359,0.6333960090144102,34.83678049579256,cuda,float16 autocast
SPG2_STRSG_Tsuboyama_2023_5UBS,facebook/esm2_t33_650M_UR50D,422,495,0,495,27720,32,37.59482857491821,825.6625294722617,863.4861895982176,0.5995185470223396,33.573038633251024,cuda,float16 autocast
SPTN1_CHICK_Tsuboyama_2023_1TUD,facebook/esm2_t33_650M_UR50D,2150,2357,0,2357,141420,32,33.41002677101642,428.9881944814697,462.872019674629,5.494323690769564,329.65942144617384,cuda,float16 autocast
SR43C_ARATH_Tsuboyama_2023_2N88,facebook/esm2_t33_650M_UR50D,694,771,0,771,37008,32,33.678215202875435,126.66491833887994,160.61478475201875,6.086926120595308,292.1724537885748,cuda,float16 autocast
SRBS1_HUMAN_Tsuboyama_2023_2O2W,facebook/esm2_t33_650M_UR50D,345,384,0,384,25728,32,34.11421500425786,982.8296684883535,1017.1874955845997,0.39070859611982744,26.17747594002844,cuda,float16 autocast
TCRG1_MOUSE_Tsuboyama_2023_1E0L,facebook/esm2_t33_650M_UR50D,437,514,0,514,19018,32,33.534050999209285,44.99540879484266,78.75009914301336,11.4233877137019,422.66534540697023,cuda,float16 autocast
THO1_YEAST_Tsuboyama_2023_2WQG,facebook/esm2_t33_650M_UR50D,623,700,0,700,28700,32,33.39952444192022,71.46240879036486,105.10080992616713,9.795359712173314,401.60974819910587,cuda,float16 autocast
TNKS2_HUMAN_Tsuboyama_2023_5JRT,facebook/esm2_t33_650M_UR50D,361,400,0,400,23600,32,33.28016536962241,99.93083818163723,133.42934851255268,4.002768387401577,236.16333485669304,cuda,float16 autocast
UBE4B_HUMAN_Tsuboyama_2023_3L1X,facebook/esm2_t33_650M_UR50D,2504,2751,0,2751,189819,32,33.62786257266998,704.6475515905768,738.7596264593303,3.9040794135880583,269.381479537576,cuda,float16 autocast
UBR5_HUMAN_Tsuboyama_2023_1I2T,facebook/esm2_t33_650M_UR50D,359,398,0,398,23084,32,33.8112166095525,69.52386666275561,103.56189840938896,5.724652829374509,332.02986410372154,cuda,float16 autocast
VILI_CHICK_Tsuboyama_2023_1YU5,facebook/esm2_t33_650M_UR50D,1366,1500,0,1500,97500,32,28.941402908414602,479.04145183600485,508.3499891255051,3.131253035099581,203.53144728147277,cuda,float16 autocast
YAIA_ECOLI_Tsuboyama_2023_2KVT,facebook/esm2_t33_650M_UR50D,962,1107,0,1107,57564,32,33.654751759022474,222.36141484696418,256.29013193398714,4.978381706924607,258.8758487600795,cuda,float16 autocast
YNZC_BACSU_Tsuboyama_2023_2JVD,facebook/esm2_t33_650M_UR50D,1586,1717,0,1717,66963,32,33.37760078255087,162.28444884251803,195.96331211179495,10.580188134145798,412.6273372316861,cuda,float16 autocast
